{"stats":{"minecraft:crafted":{"minecraft:blaze_powder":16,"minecraft:birch_slab":126,"minecraft:diamond_shovel":1,"minecraft:bookshelf":15,"minecraft:mace":1,"minecraft:glass":259,"minecraft:diamond_helmet":1,"minecraft:diamond_leggings":2,"minecraft:emerald":2167,"minecraft:diamond_axe":1,"minecraft:smithing_table":2,"minecraft:copper_ingot":7,"minecraft:fletching_table":4,"minecraft:campfire":29,"minecraft:lectern":5,"minecraft:iron_pickaxe":3,"minecraft:gold_ingot":3,"minecraft:netherite_ingot":36,"minecraft:birch_stairs":72,"minecraft:diamond_hoe":1,"minecraft:wind_charge":92,"minecraft:diamond":180,"minecraft:stone_pickaxe":2,"minecraft:diamond_boots":1,"minecraft:netherite_pickaxe":1,"minecraft:deepslate_brick_slab":384,"minecraft:acacia_trapdoor":2,"minecraft:enchanted_book":29,"minecraft:oak_stairs":344,"minecraft:deepslate_tile_stairs":1,"minecraft:white_bed":1,"minecraft:oak_planks":3400,"minecraft:bow":2,"minecraft:iron_boots":1,"minecraft:chest":26,"minecraft:ender_eye":15,"minecraft:oak_fence":21,"minecraft:oak_slab":1020,"minecraft:crafting_table":12,"minecraft:iron_helmet":1,"minecraft:birch_planks":256,"minecraft:book":70,"minecraft:paper":360,"minecraft:diamond_pickaxe":2,"minecraft:emerald_block":118,"minecraft:shield":1,"minecraft:stick":3404,"minecraft:iron_ingot":225,"minecraft:shears":1,"minecraft:redstone":36,"minecraft:netherite_sword":1,"minecraft:furnace":26,"minecraft:diamond_block":15,"minecraft:glass_pane":736,"minecraft:flint_and_steel":2,"minecraft:iron_axe":1,"minecraft:red_dye":6,"minecraft:diamond_sword":1,"minecraft:bucket":1,"minecraft:stone_axe":1,"minecraft:air":0,"minecraft:jungle_planks":220,"minecraft:oak_boat":3,"minecraft:acacia_planks":120,"minecraft:end_crystal":4,"minecraft:diamond_chestplate":1},"minecraft:mined":{"minecraft:white_bed":47,"minecraft:jungle_leaves":352,"minecraft:obsidian":83,"minecraft:granite":60,"minecraft:acacia_log":32,"minecraft:jungle_log":60,"minecraft:deepslate_bricks":86,"minecraft:deepslate_tile_stairs":6,"minecraft:chiseled_tuff_bricks":9,"minecraft:hopper":1,"minecraft:oxeye_daisy":2,"minecraft:spawner":3,"minecraft:polished_blackstone_bricks":89,"minecraft:tall_seagrass":1,"minecraft:fire":146,"minecraft:sticky_piston":1,"minecraft:cobbled_deepslate":18,"minecraft:fletching_table":10,"minecraft:deepslate_lapis_ore":8,"minecraft:enchanting_table":1,"minecraft:twisting_vines":4,"minecraft:dirt_path":13,"minecraft:oak_stairs":125,"minecraft:crimson_nylium":2,"minecraft:torch":4,"minecraft:blast_furnace":6,"minecraft:glass":1,"minecraft:bricks":1,"minecraft:sugar_cane":236,"minecraft:damaged_anvil":4,"minecraft:repeater":1,"minecraft:wheat":1,"minecraft:waxed_copper_block":23,"minecraft:stonecutter":1,"minecraft:deepslate":429,"minecraft:pink_shulker_box":19,"minecraft:mossy_cobblestone":4,"minecraft:crimson_roots":1,"minecraft:redstone_wire":34,"minecraft:redstone_ore":16,"minecraft:acacia_trapdoor":14,"minecraft:waxed_copper_grate":34,"minecraft:andesite":51,"minecraft:potatoes":1,"minecraft:vine":14,"minecraft:bamboo":78,"minecraft:white_wool":8,"minecraft:smithing_table":2,"minecraft:birch_stairs":9,"minecraft:oak_slab":84,"minecraft:glass_pane":21,"minecraft:soul_sand":5,"minecraft:observer":6,"minecraft:dandelion":11,"minecraft:cornflower":2,"minecraft:short_grass":217,"minecraft:warped_roots":11,"minecraft:campfire":9,"minecraft:copper_ore":5,"minecraft:tall_grass":22,"minecraft:diorite":37,"minecraft:warped_wart_block":1,"minecraft:birch_leaves":3,"minecraft:gravel":37,"minecraft:dripstone_block":2,"minecraft:acacia_planks":11,"minecraft:oak_button":2,"minecraft:stone_bricks":3,"minecraft:chipped_anvil":1,"minecraft:fern":6,"minecraft:waxed_cut_copper_slab":2,"minecraft:farmland":19,"minecraft:cobblestone_stairs":8,"minecraft:grass_block":183,"minecraft:cracked_polished_blackstone_bricks":41,"minecraft:composter":1,"minecraft:tuff_bricks":21,"minecraft:gilded_blackstone":2,"minecraft:smooth_stone":8,"minecraft:iron_ore":113,"minecraft:polished_tuff":35,"minecraft:anvil":8,"minecraft:azure_bluet":1,"minecraft:iron_bars":2,"minecraft:netherite_block":5,"minecraft:deepslate_redstone_ore":8,"minecraft:blackstone":2,"minecraft:twisting_vines_plant":11,"minecraft:poppy":24,"minecraft:chest":76,"minecraft:nether_quartz_ore":10,"minecraft:cobblestone":155,"minecraft:oak_planks":203,"minecraft:wall_torch":3,"minecraft:warped_nylium":1,"minecraft:red_candle":1,"minecraft:birch_log":69,"minecraft:yellow_wool":6,"minecraft:tnt":5,"minecraft:oak_log":555,"minecraft:sand":988,"minecraft:dirt":269,"minecraft:dispenser":18,"minecraft:netherrack":823,"minecraft:oak_leaves":711,"minecraft:tuff":35,"minecraft:dark_oak_leaves":2,"minecraft:deepslate_diamond_ore":111,"minecraft:oak_door":2,"minecraft:decorated_pot":1,"minecraft:birch_slab":3,"minecraft:hay_block":3,"minecraft:deepslate_brick_slab":6,"minecraft:furnace":23,"minecraft:oxidized_copper_trapdoor":6,"minecraft:gold_block":16,"minecraft:bell":1,"minecraft:deepslate_iron_ore":5,"minecraft:stripped_oak_log":84,"minecraft:packed_ice":2,"minecraft:stone":423,"minecraft:acacia_leaves":5,"minecraft:basalt":6,"minecraft:oak_fence":16,"minecraft:crafting_table":13,"minecraft:lectern":394,"minecraft:lapis_ore":5,"minecraft:sculk":1,"minecraft:gray_wool":52,"minecraft:birch_planks":10,"minecraft:yellow_bed":10,"minecraft:black_wool":1,"minecraft:coal_ore":81,"minecraft:end_rod":1,"minecraft:gray_carpet":5,"minecraft:cracked_stone_bricks":2,"minecraft:mossy_stone_bricks":3},"minecraft:used":{"minecraft:beetroot":1,"minecraft:poppy":3,"minecraft:chest":96,"minecraft:deepslate_brick_slab":224,"minecraft:lava_bucket":7,"minecraft:villager_spawn_egg":12,"minecraft:netherite_boots":7,"minecraft:bow":314,"minecraft:ominous_bottle":1,"minecraft:furnace":49,"minecraft:egg":5,"minecraft:short_grass":2,"minecraft:diorite":9,"minecraft:damaged_anvil":4,"minecraft:acacia_trapdoor":14,"minecraft:wooden_pickaxe":12,"minecraft:composter":1,"minecraft:golden_apple":94,"minecraft:sand":6,"minecraft:blast_furnace":35,"minecraft:netherite_helmet":15,"minecraft:birch_slab":6,"minecraft:lectern":391,"minecraft:smithing_table":4,"minecraft:oak_boat":19,"minecraft:armor_stand":1,"minecraft:trial_key":91,"minecraft:netherrack":181,"minecraft:torch":3,"minecraft:anvil":10,"minecraft:twisting_vines":3,"minecraft:golden_shovel":112,"minecraft:iron_axe":207,"minecraft:totem_of_undying":10,"minecraft:diamond_chestplate":7,"minecraft:cobbled_deepslate":164,"minecraft:acacia_planks":15,"minecraft:observer":65,"minecraft:water_bucket":304,"minecraft:birch_planks":14,"minecraft:fletching_table":12,"minecraft:deepslate_bricks":630,"minecraft:salmon":1,"minecraft:oak_slab":470,"minecraft:tnt":8,"minecraft:crafting_table":24,"minecraft:white_bed":36,"minecraft:campfire":37,"minecraft:oak_log":222,"minecraft:ender_eye":22,"minecraft:diamond_pickaxe":1968,"minecraft:cornflower":1,"minecraft:ominous_trial_key":4,"minecraft:diamond_shovel":1425,"minecraft:wind_charge":123,"minecraft:iron_pickaxe":672,"minecraft:cobblestone":451,"minecraft:potion":1,"minecraft:cooked_porkchop":3,"minecraft:glass_pane":133,"minecraft:stripped_oak_log":1,"minecraft:diamond_leggings":10,"minecraft:shield":79,"minecraft:bell":1,"minecraft:carrot":1,"minecraft:waxed_copper_grate":3,"minecraft:tuff":35,"minecraft:obsidian":34,"minecraft:glass":1,"minecraft:bricks":1,"minecraft:warped_nylium":2,"minecraft:iron_helmet":1,"minecraft:stone_bricks":3,"minecraft:hay_block":1,"minecraft:diamond_boots":5,"minecraft:stone_pickaxe":158,"minecraft:oak_planks":534,"minecraft:ender_pearl":9,"minecraft:diamond_axe":2314,"minecraft:sugar_cane":35,"minecraft:white_wool":12,"minecraft:netherite_leggings":5,"minecraft:dripstone_block":1,"minecraft:shears":1159,"minecraft:mace":65,"minecraft:bread":389,"minecraft:gravel":29,"minecraft:deepslate":1,"minecraft:andesite":8,"minecraft:experience_bottle":930,"minecraft:oak_fence":18,"minecraft:trident":304,"minecraft:netherite_sword":1444,"minecraft:jungle_leaves":23,"minecraft:flint_and_steel":68,"minecraft:dried_kelp_block":1,"minecraft:dirt":256,"minecraft:diamond_helmet":6,"minecraft:wooden_axe":14,"minecraft:bookshelf":10,"minecraft:oak_stairs":19,"minecraft:golden_carrot":9,"minecraft:deepslate_tile_stairs":62,"minecraft:netherite_pickaxe":328,"minecraft:netherite_chestplate":7,"minecraft:baked_potato":2,"minecraft:stonecutter":1,"minecraft:smoker":32,"minecraft:flower_pot":1,"minecraft:apple":1,"minecraft:netherite_axe":100,"minecraft:stone_axe":2,"minecraft:end_crystal":4,"minecraft:turtle_helmet":9,"minecraft:bucket":313,"minecraft:pink_shulker_box":19,"minecraft:yellow_bed":5,"minecraft:wither_rose":1,"minecraft:gray_wool":49,"minecraft:birch_stairs":45},"minecraft:picked_up":{"minecraft:wooden_axe":3,"minecraft:iron_chestplate":8,"minecraft:chainmail_boots":3,"minecraft:anvil":10,"minecraft:flower_pot":1,"minecraft:smithing_table":2,"minecraft:diamond_sword":3,"minecraft:oak_stairs":211,"minecraft:wither_rose":3,"minecraft:enchanted_book":33,"minecraft:golden_shovel":7,"minecraft:light":22,"minecraft:golden_sword":18,"minecraft:music_disc_cat":1,"minecraft:string":65,"minecraft:beetroot":2,"minecraft:diamond_leggings":17,"minecraft:gold_nugget":147,"minecraft:cobbled_deepslate":1304,"minecraft:trial_key":104,"minecraft:netherite_upgrade_smithing_template":1,"minecraft:enchanted_golden_apple":234,"minecraft:melon_slice":34,"minecraft:composter":3,"minecraft:acacia_log":35,"minecraft:waxed_copper_grate":28,"minecraft:deepslate_tile_stairs":6,"minecraft:golden_chestplate":5,"minecraft:stone_sword":4,"minecraft:honey_bottle":34,"minecraft:command_block":1,"minecraft:iron_block":2,"minecraft:armadillo_scute":8,"minecraft:end_rod":3,"minecraft:netherite_chestplate":28,"minecraft:blaze_rod":99,"minecraft:iron_bars":2,"minecraft:birch_log":68,"minecraft:feather":7,"minecraft:cooked_beef":2,"minecraft:jungle_log":56,"minecraft:birch_slab":6,"minecraft:water_bucket":44,"minecraft:smoker":64,"minecraft:flint":14,"minecraft:netherite_leggings":24,"minecraft:twisting_vines":25,"minecraft:chipped_anvil":1,"minecraft:stonecutter":1,"minecraft:guster_banner_pattern":5,"minecraft:diamond_helmet":14,"minecraft:glowstone_dust":1,"minecraft:warped_wart_block":1,"minecraft:ink_sac":9,"minecraft:netherite_block":5,"minecraft:lever":2,"minecraft:granite":108,"minecraft:bread":1718,"minecraft:music_disc_precipice":2,"minecraft:bricks":8,"minecraft:ominous_trial_key":138,"minecraft:diamond_pickaxe":16,"minecraft:crimson_roots":2,"minecraft:crafting_table":22,"minecraft:ominous_bottle":28,"minecraft:nether_wart":192,"minecraft:leather_leggings":3,"minecraft:golden_pickaxe":2,"minecraft:redstone_lamp":4,"minecraft:music_disc_creator":2,"minecraft:wind_charge":689,"minecraft:cornflower":5,"minecraft:flow_banner_pattern":7,"minecraft:flint_and_steel":4,"minecraft:netherite_scrap":1,"minecraft:glass_pane":146,"minecraft:cracked_stone_bricks":2,"minecraft:netherite_sword":20,"minecraft:beef":26,"minecraft:jungle_sapling":27,"minecraft:poppy":60,"minecraft:chest":117,"minecraft:waxed_oxidized_copper":1,"minecraft:diamond_hoe":3,"minecraft:egg":11,"minecraft:oak_door":3,"minecraft:mace":11,"minecraft:carrot":3,"minecraft:redstone":533,"minecraft:netherite_pickaxe":11,"minecraft:tnt":435,"minecraft:diamond_chestplate":22,"minecraft:decorated_pot":1,"minecraft:diamond_boots":18,"minecraft:shears":8,"minecraft:deepslate_bricks":1289,"minecraft:hay_block":255,"minecraft:gold_ingot":8,"minecraft:flow_armor_trim_smithing_template":9,"minecraft:totem_of_undying":19,"minecraft:tuff_bricks":26,"minecraft:mutton":2,"minecraft:white_wool":40,"minecraft:oxeye_daisy":3,"minecraft:stripped_oak_log":84,"minecraft:clock":3,"minecraft:oak_log":1854,"minecraft:paper":191,"minecraft:white_banner":9,"minecraft:apple":129,"minecraft:stone_bricks":3,"minecraft:stone_pickaxe":10,"minecraft:gravel":67,"minecraft:birch_stairs":9,"minecraft:crying_obsidian":2,"minecraft:polished_tuff":53,"minecraft:diamond_shovel":15,"minecraft:slime_ball":559,"minecraft:stone_axe":5,"minecraft:short_grass":16,"minecraft:diamond_axe":20,"minecraft:gray_wool":49,"minecraft:warped_roots":22,"minecraft:oak_button":2,"minecraft:baked_potato":6,"minecraft:warped_nylium":3,"minecraft:ender_pearl":24,"minecraft:wheat":29,"minecraft:ender_chest":9,"minecraft:yellow_wool":8,"minecraft:potion":11,"minecraft:gilded_blackstone":1,"minecraft:raw_copper":23,"minecraft:armor_stand":5,"minecraft:experience_bottle":4322,"minecraft:pink_shulker_box":25,"minecraft:smooth_stone":32,"minecraft:bucket":2,"minecraft:red_dye":18,"minecraft:ender_eye":12,"minecraft:iron_pickaxe":6,"minecraft:iron_boots":7,"minecraft:furnace":40,"minecraft:tipped_arrow":360,"minecraft:oxidized_copper_trapdoor":6,"minecraft:stick":184,"minecraft:oak_fence":33,"minecraft:torch":71,"minecraft:porkchop":20,"minecraft:villager_spawn_egg":30,"minecraft:pointed_dripstone":1,"minecraft:diorite":121,"minecraft:vine":6,"minecraft:cactus":4,"minecraft:rotten_flesh":690,"minecraft:obsidian":130,"minecraft:cobblestone":1208,"minecraft:enchanting_table":1,"minecraft:leather_chestplate":1,"minecraft:magma_cream":13,"minecraft:andesite":125,"minecraft:potato":71,"minecraft:tuff":47,"minecraft:dirt":971,"minecraft:lapis_lazuli":247,"minecraft:name_tag":245,"minecraft:glass":46,"minecraft:bone":301,"minecraft:acacia_planks":48,"minecraft:bow":54,"minecraft:wheat_seeds":207,"minecraft:deepslate_brick_slab":8,"minecraft:bell":5,"minecraft:bolt_armor_trim_smithing_template":15,"minecraft:netherite_axe":19,"minecraft:mossy_stone_bricks":2,"minecraft:fletching_table":14,"minecraft:bamboo":704,"minecraft:oak_planks":363,"minecraft:cooked_porkchop":385,"minecraft:music_disc_13":2,"minecraft:sand":1661,"minecraft:jungle_planks":40,"minecraft:grass_block":2,"minecraft:diamond_block":4,"minecraft:mossy_cobblestone":7,"minecraft:jungle_leaves":261,"minecraft:sugar":11,"minecraft:diamond":360,"minecraft:netherite_helmet":17,"minecraft:cracked_polished_blackstone_bricks":41,"minecraft:crossbow":26,"minecraft:breeze_rod":295,"minecraft:bone_meal":118,"minecraft:golden_apple":960,"minecraft:emerald":854,"minecraft:oak_sapling":19,"minecraft:netherrack":936,"minecraft:nether_star":5,"minecraft:oak_leaves":494,"minecraft:cocoa_beans":121,"minecraft:charcoal":18,"minecraft:chicken":2,"minecraft:azure_bluet":2,"minecraft:turtle_helmet":19,"minecraft:packed_ice":596,"minecraft:wooden_pickaxe":1,"minecraft:gold_block":14,"minecraft:shield":15,"minecraft:iron_axe":18,"minecraft:blackstone":2,"minecraft:oak_boat":24,"minecraft:observer":646,"minecraft:lectern":404,"minecraft:sugar_cane":519,"minecraft:raw_iron":265,"minecraft:copper_ingot":11,"minecraft:polished_blackstone_bricks":89,"minecraft:stone_button":1,"minecraft:trident":37,"minecraft:arrow":2281,"minecraft:golden_hoe":4,"minecraft:saddle":10,"minecraft:netherite_boots":17,"minecraft:jungle_boat":1,"minecraft:basalt":6,"minecraft:golden_carrot":24,"minecraft:glow_ink_sac":11,"minecraft:salmon":2,"minecraft:leather":7,"minecraft:birch_planks":10,"minecraft:wolf_armor":3,"minecraft:chainmail_chestplate":2,"minecraft:waxed_copper_block":27,"minecraft:yellow_bed":25,"minecraft:cobblestone_stairs":20,"minecraft:gunpowder":27,"minecraft:orange_terracotta":4,"minecraft:gray_carpet":6,"minecraft:acacia_trapdoor":14,"minecraft:iron_ingot":360,"minecraft:soul_sand":10,"minecraft:acacia_sapling":2,"minecraft:book":62,"minecraft:sculk_catalyst":5,"minecraft:oak_slab":567,"minecraft:emerald_block":542,"minecraft:heavy_core":37,"minecraft:quartz":18,"minecraft:dandelion":20,"minecraft:dripstone_block":2,"minecraft:lava_bucket":2,"minecraft:blast_furnace":70,"minecraft:white_bed":63,"minecraft:spider_eye":14,"minecraft:dried_kelp_block":1,"minecraft:campfire":8,"minecraft:chainmail_leggings":2,"minecraft:iron_helmet":10,"minecraft:netherite_hoe":2,"minecraft:damaged_anvil":5,"minecraft:black_wool":33,"minecraft:coal":638,"minecraft:chiseled_tuff_bricks":10},"minecraft:broken":{"minecraft:shears":4,"minecraft:shield":1,"minecraft:golden_shovel":1,"minecraft:flint_and_steel":1},"minecraft:killed_by":{"minecraft:zombie_villager":1,"minecraft:zombie":2,"minecraft:ender_dragon":1,"minecraft:player":9,"minecraft:iron_golem":1,"minecraft:skeleton":2},"minecraft:killed":{"minecraft:skeleton":25,"minecraft:skeleton_horse":5,"minecraft:magma_cube":19,"minecraft:parrot":1,"minecraft:salmon":2,"minecraft:pillager":26,"minecraft:zombie":121,"minecraft:cow":1,"minecraft:evoker":9,"minecraft:vindicator":20,"minecraft:horse":5,"minecraft:warden":2,"minecraft:frog":1,"minecraft:ravager":7,"minecraft:breeze":23,"minecraft:enderman":25,"minecraft:zombified_piglin":20,"minecraft:witch":6,"minecraft:spider":11,"minecraft:wither":1,"minecraft:silverfish":49,"minecraft:piglin":7,"minecraft:zombie_villager":2,"minecraft:strider":1,"minecraft:creeper":18,"minecraft:trader_llama":1,"minecraft:ghast":2,"minecraft:blaze":44,"minecraft:bogged":91,"minecraft:slime":312,"minecraft:drowned":2,"minecraft:hoglin":1,"minecraft:wither_skeleton":3,"minecraft:villager":3},"minecraft:custom":{"minecraft:interact_with_crafting_table":112,"minecraft:open_barrel":3,"minecraft:bell_ring":352,"minecraft:leave_game":41,"minecraft:time_since_death":3330,"minecraft:damage_blocked_by_shield":4037,"minecraft:play_time":1270465,"minecraft:deaths":31,"minecraft:jump":19923,"minecraft:interact_with_furnace":76,"minecraft:traded_with_villager":128,"minecraft:sleep_in_bed":16,"minecraft:damage_dealt":137652,"minecraft:inspect_dispenser":5,"minecraft:horse_one_cm":1948,"minecraft:interact_with_smithing_table":17,"minecraft:interact_with_anvil":59,"minecraft:damage_dealt_absorbed":7153,"minecraft:sneak_time":34578,"minecraft:interact_with_blast_furnace":29,"minecraft:total_world_time":1270465,"minecraft:interact_with_stonecutter":10,"minecraft:time_since_rest":3367,"minecraft:swim_one_cm":283432,"minecraft:fly_one_cm":5107682,"minecraft:open_chest":1551,"minecraft:fall_one_cm":1103233,"minecraft:open_shulker_box":71,"minecraft:damage_resisted":40615,"minecraft:sprint_one_cm":3892124,"minecraft:drop":804,"minecraft:talked_to_villager":721,"minecraft:walk_on_water_one_cm":196819,"minecraft:open_enderchest":126,"minecraft:player_kills":70,"minecraft:crouch_one_cm":139927,"minecraft:mob_kills":989,"minecraft:damage_dealt_resisted":3654,"minecraft:climb_one_cm":9919,"minecraft:walk_one_cm":3625466,"minecraft:raid_win":2,"minecraft:walk_under_water_one_cm":250041,"minecraft:boat_one_cm":299439,"minecraft:pot_flower":2,"minecraft:damage_absorbed":3188,"minecraft:damage_taken":60636},"minecraft:dropped":{"minecraft:short_grass":14,"minecraft:cooked_beef":2,"minecraft:glass_bottle":1,"minecraft:diamond":51,"minecraft:crafting_table":1,"minecraft:crossbow":21,"minecraft:warped_roots":18,"minecraft:fletching_table":1,"minecraft:saddle":9,"minecraft:emerald":26,"minecraft:dirt":340,"minecraft:stone_button":1,"minecraft:netherite_boots":3,"minecraft:gold_nugget":26,"minecraft:bone_meal":1,"minecraft:sand":78,"minecraft:bolt_armor_trim_smithing_template":13,"minecraft:iron_pickaxe":1,"minecraft:birch_stairs":1,"minecraft:bone":191,"minecraft:oak_door":1,"minecraft:emerald_block":24,"minecraft:lever":2,"minecraft:golden_chestplate":3,"minecraft:cobbled_deepslate":172,"minecraft:netherite_sword":5,"minecraft:wheat":1,"minecraft:obsidian":79,"minecraft:rotten_flesh":114,"minecraft:oak_planks":70,"minecraft:enchanted_golden_apple":1,"minecraft:glowstone_dust":1,"minecraft:golden_shovel":1,"minecraft:white_bed":4,"minecraft:waxed_copper_block":18,"minecraft:salmon":1,"minecraft:wind_charge":166,"minecraft:tipped_arrow":196,"minecraft:jungle_log":1,"minecraft:leather_leggings":1,"minecraft:breeze_rod":40,"minecraft:warped_wart_block":1,"minecraft:lectern":2,"minecraft:egg":1,"minecraft:enchanted_book":5,"minecraft:iron_ingot":185,"minecraft:netherite_pickaxe":3,"minecraft:wheat_seeds":70,"minecraft:tnt":121,"minecraft:dripstone_block":1,"minecraft:netherite_chestplate":9,"minecraft:netherite_helmet":4,"minecraft:oak_fence":5,"minecraft:iron_helmet":7,"minecraft:cobblestone":345,"minecraft:waxed_copper_grate":18,"minecraft:apple":61,"minecraft:granite":2,"minecraft:coal":20,"minecraft:golden_apple":142,"minecraft:golden_carrot":9,"minecraft:wooden_axe":1,"minecraft:diamond_helmet":1,"minecraft:potion":9,"minecraft:white_banner":7,"minecraft:jungle_boat":1,"minecraft:smooth_stone":8,"minecraft:chainmail_leggings":2,"minecraft:string":7,"minecraft:gray_carpet":6,"minecraft:netherite_hoe":3,"minecraft:cocoa_beans":44,"minecraft:deepslate":64,"minecraft:diamond_hoe":2,"minecraft:experience_bottle":878,"minecraft:iron_boots":8,"minecraft:shears":1,"minecraft:diamond_sword":3,"minecraft:potato":4,"minecraft:spider_eye":4,"minecraft:bow":33,"minecraft:black_wool":31,"minecraft:soul_sand":5,"minecraft:birch_planks":64,"minecraft:diamond_axe":2,"minecraft:oak_log":137,"minecraft:golden_pickaxe":1,"minecraft:flint":2,"minecraft:cornflower":2,"minecraft:crimson_roots":1,"minecraft:music_disc_precipice":1,"minecraft:birch_log":4,"minecraft:gold_ingot":1,"minecraft:armor_stand":2,"minecraft:gravel":10,"minecraft:chiseled_tuff_bricks":4,"minecraft:pointed_dripstone":1,"minecraft:beetroot":1,"minecraft:diamond_shovel":2,"minecraft:honey_bottle":48,"minecraft:chainmail_chestplate":2,"minecraft:poppy":22,"minecraft:leather_chestplate":1,"minecraft:turtle_helmet":11,"minecraft:trident":2,"minecraft:gunpowder":13,"minecraft:chest":22,"minecraft:chainmail_boots":3,"minecraft:arrow":1671,"minecraft:quartz":18,"minecraft:oak_leaves":494,"minecraft:netherrack":25,"minecraft:water_bucket":2,"minecraft:bread":104,"minecraft:oak_slab":226,"minecraft:vine":6,"minecraft:diamond_leggings":6,"minecraft:netherite_axe":7,"minecraft:observer":128,"minecraft:polished_tuff":19,"minecraft:ominous_trial_key":1,"minecraft:grass_block":2,"minecraft:flow_armor_trim_smithing_template":2,"minecraft:stick":34,"minecraft:diorite":17,"minecraft:torch":17,"minecraft:sculk_catalyst":5,"minecraft:wither_rose":1,"minecraft:iron_axe":9,"minecraft:dandelion":4,"minecraft:redstone":93,"minecraft:tuff_bricks":7,"minecraft:warped_nylium":1,"minecraft:guster_banner_pattern":5,"minecraft:villager_spawn_egg":2,"minecraft:stripped_oak_log":1,"minecraft:glass_pane":736,"minecraft:netherite_leggings":9,"minecraft:flint_and_steel":2,"minecraft:light":22,"minecraft:shield":4,"minecraft:trial_key":13,"minecraft:diamond_chestplate":2,"minecraft:netherite_block":1,"minecraft:iron_chestplate":8,"minecraft:andesite":20,"minecraft:oak_sapling":1,"minecraft:golden_sword":14,"minecraft:diamond_boots":1,"minecraft:slime_ball":215,"minecraft:stone_pickaxe":3}},"DataVersion":3953}