{"stats":{"minecraft:crafted":{"minecraft:bookshelf":12,"minecraft:hay_block":1,"minecraft:iron_pickaxe":2,"minecraft:stone_pickaxe":1,"minecraft:crossbow":43,"minecraft:iron_leggings":1,"minecraft:oak_planks":12,"minecraft:bow":70,"minecraft:arrow":576,"minecraft:crafting_table":1,"minecraft:iron_helmet":1,"minecraft:iron_chestplate":1,"minecraft:shield":2,"minecraft:iron_ingot":10,"minecraft:bucket":1},"minecraft:mined":{"minecraft:white_bed":3,"minecraft:jungle_leaves":11,"minecraft:obsidian":63,"minecraft:jungle_log":1,"minecraft:chiseled_tuff_bricks":1,"minecraft:cobbled_deepslate":1,"minecraft:fire":27,"minecraft:dirt_path":2,"minecraft:oak_stairs":1,"minecraft:blast_furnace":1,"minecraft:sugar_cane":144,"minecraft:wheat":13,"minecraft:waxed_copper_block":8,"minecraft:wither_rose":1,"minecraft:deepslate":3,"minecraft:pink_shulker_box":5,"minecraft:potatoes":1,"minecraft:vine":1,"minecraft:white_wool":2,"minecraft:glass_pane":2,"minecraft:observer":3,"minecraft:short_grass":41,"minecraft:tall_grass":2,"minecraft:gravel":4,"minecraft:dripstone_block":1,"minecraft:acacia_planks":4,"minecraft:waxed_cut_copper_slab":1,"minecraft:grass_block":30,"minecraft:tuff_bricks":1,"minecraft:polished_tuff":1,"minecraft:poppy":2,"minecraft:chest":4,"minecraft:cobblestone":28,"minecraft:oak_planks":11,"minecraft:wall_torch":1,"minecraft:oak_log":2,"minecraft:waxed_oxidized_copper":4,"minecraft:dirt":29,"minecraft:netherrack":113,"minecraft:oak_door":1,"minecraft:decorated_pot":1,"minecraft:hay_block":24,"minecraft:deepslate_brick_slab":1,"minecraft:packed_ice":8,"minecraft:stone":3,"minecraft:crafting_table":1,"minecraft:black_wool":9},"minecraft:used":{"minecraft:tuff_bricks":17,"minecraft:polished_granite_stairs":18,"minecraft:dispenser":117,"minecraft:poppy":23,"minecraft:ladder":4,"minecraft:black_carpet":2,"minecraft:chest":77,"minecraft:stone":11053,"minecraft:quartz_stairs":2,"minecraft:soul_sand":32,"minecraft:skeleton_spawn_egg":5,"minecraft:polished_blackstone_slab":62,"minecraft:packed_ice":741,"minecraft:lava_bucket":171,"minecraft:stripped_dark_oak_wood":1,"minecraft:villager_spawn_egg":114,"minecraft:red_wool":13,"minecraft:black_stained_glass_pane":15,"minecraft:grass_block":441,"minecraft:netherite_hoe":8,"minecraft:dark_oak_slab":259,"minecraft:stone_brick_stairs":3,"minecraft:netherite_boots":23,"minecraft:red_stained_glass_pane":15,"minecraft:furnace":3,"minecraft:egg":1,"minecraft:green_stained_glass_pane":16,"minecraft:deepslate_brick_wall":66,"minecraft:short_grass":2,"minecraft:diorite":3,"minecraft:damaged_anvil":1,"minecraft:blackstone_stairs":28,"minecraft:blackstone":256,"minecraft:wooden_pickaxe":12,"minecraft:oak_leaves":2,"minecraft:golden_apple":38,"minecraft:sand":35,"minecraft:blast_furnace":3,"minecraft:blue_ice":40,"minecraft:netherite_helmet":4,"minecraft:deepslate_tiles":1005,"minecraft:crying_obsidian":6,"minecraft:gray_stained_glass_pane":16,"minecraft:stone_button":26,"minecraft:lectern":5,"minecraft:red_terracotta":5,"minecraft:polished_granite":45,"minecraft:oak_pressure_plate":6,"minecraft:soul_lantern":8,"minecraft:magenta_stained_glass_pane":15,"minecraft:chiseled_tuff_bricks":1,"minecraft:nether_wart_block":188,"minecraft:diamond_sword":97,"minecraft:wooden_sword":20,"minecraft:dark_oak_fence":46,"minecraft:bubble_coral_block":17,"minecraft:birch_log":45,"minecraft:ice":515,"minecraft:oak_boat":25,"minecraft:waxed_cut_copper_stairs":7,"minecraft:purple_wool":994,"minecraft:trial_spawner":76,"minecraft:oak_trapdoor":3,"minecraft:polished_blackstone_brick_slab":123,"minecraft:stone_sword":1,"minecraft:armor_stand":1,"minecraft:silverfish_spawn_egg":7,"minecraft:polished_blackstone_wall":1,"minecraft:netherrack":138,"minecraft:trial_key":98,"minecraft:torch":22,"minecraft:anvil":7,"minecraft:chainmail_chestplate":1,"minecraft:polished_granite_slab":83,"minecraft:oak_fence_gate":1,"minecraft:sea_lantern":16,"minecraft:iron_axe":16,"minecraft:iron_block":54,"minecraft:polished_deepslate_wall":2,"minecraft:jungle_log":26,"minecraft:totem_of_undying":205,"minecraft:pink_stained_glass_pane":14,"minecraft:barrel":2,"minecraft:glowstone":9,"minecraft:cobbled_deepslate":11,"minecraft:observer":8,"minecraft:pointed_dripstone":45,"minecraft:wheat_seeds":13,"minecraft:water_bucket":464,"minecraft:birch_planks":294,"minecraft:deepslate_bricks":7,"minecraft:polished_blackstone_bricks":3069,"minecraft:gilded_blackstone":28,"minecraft:rail":2,"minecraft:tnt":149,"minecraft:crafting_table":4,"minecraft:phantom_spawn_egg":57,"minecraft:white_bed":15,"minecraft:lime_shulker_box":3,"minecraft:deepslate_tile_wall":284,"minecraft:oak_log":78,"minecraft:blue_stained_glass_pane":30,"minecraft:ender_eye":28,"minecraft:light":734,"minecraft:ominous_trial_key":111,"minecraft:wind_charge":21,"minecraft:oak_button":3,"minecraft:iron_pickaxe":122,"minecraft:spruce_trapdoor":14,"minecraft:cobblestone":12711,"minecraft:sandstone_slab":91,"minecraft:glass_pane":260,"minecraft:end_portal_frame":30,"minecraft:stripped_oak_log":1,"minecraft:dandelion":3,"minecraft:diamond_leggings":21,"minecraft:moss_carpet":3,"minecraft:light_blue_stained_glass_pane":16,"minecraft:polished_deepslate":572,"minecraft:light_gray_stained_glass_pane":13,"minecraft:oak_sign":25,"minecraft:shield":56,"minecraft:white_terracotta":55,"minecraft:zombie_spawn_egg":49,"minecraft:iron_sword":91,"minecraft:nether_wart":3,"minecraft:vex_spawn_egg":43,"minecraft:bell":5,"minecraft:iron_chestplate":5,"minecraft:deepslate_tile_slab":522,"minecraft:pink_terracotta":26,"minecraft:obsidian":410,"minecraft:glass":3696,"minecraft:cyan_terracotta":1449,"minecraft:spruce_wood":193,"minecraft:lantern":47,"minecraft:polished_blackstone_brick_wall":25,"minecraft:iron_helmet":6,"minecraft:dark_oak_wood":513,"minecraft:stone_bricks":10656,"minecraft:slime_spawn_egg":43,"minecraft:bedrock":3,"minecraft:golden_sword":14,"minecraft:vault":229,"minecraft:repeater":4,"minecraft:redstone_lamp":4,"minecraft:brown_carpet":3,"minecraft:hay_block":27,"minecraft:stripped_spruce_wood":20,"minecraft:chiseled_polished_blackstone":241,"minecraft:dark_oak_stairs":22,"minecraft:end_rod":1,"minecraft:diamond_boots":20,"minecraft:stone_pickaxe":21,"minecraft:oak_planks":14,"minecraft:chainmail_helmet":1,"minecraft:sugar_cane":9,"minecraft:white_wool":3825,"minecraft:netherite_leggings":27,"minecraft:lime_stained_glass_pane":14,"minecraft:light_gray_terracotta":30,"minecraft:blackstone_wall":1,"minecraft:black_bed":4,"minecraft:dripstone_block":2,"minecraft:creeper_spawn_egg":11,"minecraft:black_terracotta":67,"minecraft:sticky_piston":1,"minecraft:lever":7,"minecraft:black_concrete":18,"minecraft:gray_shulker_box":2,"minecraft:mace":39,"minecraft:bogged_spawn_egg":110,"minecraft:breeze_spawn_egg":17,"minecraft:bread":76,"minecraft:string":1,"minecraft:barrier":82,"minecraft:iron_door":1,"minecraft:blackstone_slab":89,"minecraft:chainmail_boots":15,"minecraft:andesite":10,"minecraft:chain":4,"minecraft:smooth_stone_slab":8,"minecraft:warped_button":7,"minecraft:cobweb":12,"minecraft:experience_bottle":1249,"minecraft:oak_fence":113,"minecraft:trident":495,"minecraft:netherite_sword":931,"minecraft:jungle_leaves":14,"minecraft:flint_and_steel":170,"minecraft:redstone":164,"minecraft:spruce_planks":568,"minecraft:ender_chest":5,"minecraft:oak_door":12,"minecraft:dirt":710,"minecraft:hopper":1,"minecraft:spruce_stairs":5,"minecraft:oak_wood":1,"minecraft:raw_iron_block":863,"minecraft:golden_chestplate":13,"minecraft:spruce_fence":235,"minecraft:purple_stained_glass_pane":17,"minecraft:ravager_spawn_egg":7,"minecraft:dark_oak_planks":829,"minecraft:bookshelf":10,"minecraft:oak_stairs":6,"minecraft:iron_boots":14,"minecraft:crimson_planks":270,"minecraft:waxed_cut_copper_slab":40,"minecraft:deepslate_tile_stairs":321,"minecraft:netherite_pickaxe":122,"minecraft:stone_pressure_plate":7,"minecraft:zombified_piglin_spawn_egg":209,"minecraft:orange_stained_glass_pane":28,"minecraft:enchanted_golden_apple":87,"minecraft:iron_leggings":2,"minecraft:cobbled_deepslate_wall":1,"minecraft:acacia_boat":6,"minecraft:amethyst_block":18,"minecraft:netherite_chestplate":49,"minecraft:blue_wool":50,"minecraft:cut_sandstone":111,"minecraft:beacon":268,"minecraft:vindicator_spawn_egg":4,"minecraft:waxed_copper_block":60,"minecraft:yellow_stained_glass_pane":28,"minecraft:dark_oak_door":2,"minecraft:netherite_block":4,"minecraft:black_wool":185,"minecraft:apple":6,"minecraft:command_block":8,"minecraft:map":4,"minecraft:netherite_axe":435,"minecraft:stone_slab":54,"minecraft:yellow_wool":2,"minecraft:brown_stained_glass_pane":15,"minecraft:end_crystal":983,"minecraft:cyan_stained_glass_pane":16,"minecraft:turtle_helmet":86,"minecraft:bucket":351,"minecraft:pink_shulker_box":5,"minecraft:wither_rose":1,"minecraft:gray_wool":219,"minecraft:smooth_stone":18,"minecraft:chainmail_leggings":21},"minecraft:picked_up":{"minecraft:wooden_axe":7,"minecraft:iron_chestplate":18,"minecraft:slime_spawn_egg":47,"minecraft:chainmail_boots":21,"minecraft:anvil":1,"minecraft:flower_pot":2,"minecraft:diamond_sword":34,"minecraft:oak_stairs":1,"minecraft:wither_rose":3,"minecraft:enchanted_book":46,"minecraft:golden_shovel":4,"minecraft:light":50,"minecraft:golden_sword":22,"minecraft:string":59,"minecraft:beetroot":2,"minecraft:diamond_leggings":39,"minecraft:gold_nugget":121,"minecraft:cobbled_deepslate":667,"minecraft:trial_key":119,"minecraft:enchanted_golden_apple":58,"minecraft:composter":1,"minecraft:waxed_copper_grate":14,"minecraft:warped_button":7,"minecraft:deepslate_tile_stairs":1,"minecraft:end_crystal":554,"minecraft:golden_chestplate":13,"minecraft:gray_shulker_box":2,"minecraft:honey_bottle":61,"minecraft:command_block":2,"minecraft:iron_block":11,"minecraft:netherite_chestplate":75,"minecraft:blaze_rod":17,"minecraft:feather":3,"minecraft:cooked_beef":1,"minecraft:water_bucket":60,"minecraft:flint":10,"minecraft:netherite_leggings":40,"minecraft:guster_banner_pattern":4,"minecraft:diamond_helmet":2,"minecraft:netherite_block":1,"minecraft:dispenser":28,"minecraft:deepslate":128,"minecraft:granite":2,"minecraft:bread":4517,"minecraft:music_disc_precipice":6,"minecraft:bricks":5,"minecraft:dark_oak_fence":1,"minecraft:ominous_trial_key":70,"minecraft:crafting_table":2,"minecraft:ominous_bottle":26,"minecraft:golden_pickaxe":5,"minecraft:leather_leggings":2,"minecraft:music_disc_creator":13,"minecraft:wind_charge":1843,"minecraft:cornflower":1,"minecraft:flow_banner_pattern":12,"minecraft:flint_and_steel":23,"minecraft:netherite_scrap":1,"minecraft:netherite_sword":23,"minecraft:beef":6,"minecraft:poppy":113,"minecraft:chest":18,"minecraft:waxed_oxidized_copper":46,"minecraft:diamond_hoe":1,"minecraft:egg":3,"minecraft:lime_shulker_box":3,"minecraft:stone":64,"minecraft:oak_door":5,"minecraft:spruce_fence":1,"minecraft:mace":8,"minecraft:carrot":9,"minecraft:redstone":275,"minecraft:netherite_pickaxe":44,"minecraft:tnt":5782,"minecraft:diamond_chestplate":13,"minecraft:hay_block":1682,"minecraft:deepslate_bricks":1,"minecraft:diamond_boots":25,"minecraft:waxed_oxidized_cut_copper_stairs":1,"minecraft:gold_ingot":9,"minecraft:flow_armor_trim_smithing_template":15,"minecraft:totem_of_undying":5,"minecraft:tuff_bricks":63,"minecraft:bone_block":2,"minecraft:white_wool":10,"minecraft:oxeye_daisy":2,"minecraft:clock":2,"minecraft:blackstone_slab":1,"minecraft:red_mushroom":1,"minecraft:oak_log":189,"minecraft:white_banner":6,"minecraft:apple":846,"minecraft:stone_pickaxe":18,"minecraft:glass_bottle":3,"minecraft:iron_sword":6,"minecraft:gravel":24,"minecraft:polished_tuff":4,"minecraft:oak_wood":64,"minecraft:diamond_shovel":3,"minecraft:slime_ball":292,"minecraft:stone_axe":3,"minecraft:short_grass":12,"minecraft:diamond_axe":13,"minecraft:gray_wool":17,"minecraft:oak_button":2,"minecraft:baked_potato":20,"minecraft:wheat":15,"minecraft:ender_chest":3,"minecraft:yellow_wool":2,"minecraft:potion":14,"minecraft:waxed_cut_copper_slab":2,"minecraft:iron_leggings":7,"minecraft:armor_stand":5,"minecraft:sticky_piston":2,"minecraft:netherite_ingot":1,"minecraft:experience_bottle":5400,"minecraft:pink_shulker_box":7,"minecraft:smooth_stone":16,"minecraft:bucket":38,"minecraft:ender_eye":1,"minecraft:iron_pickaxe":17,"minecraft:furnace":4,"minecraft:iron_boots":23,"minecraft:blue_wool":1,"minecraft:tipped_arrow":1053,"minecraft:oxidized_copper_trapdoor":5,"minecraft:stick":27,"minecraft:oak_fence":6,"minecraft:torch":46,"minecraft:porkchop":4,"minecraft:pointed_dripstone":1,"minecraft:diorite":40,"minecraft:cactus":4,"minecraft:rotten_flesh":594,"minecraft:obsidian":61,"minecraft:cobblestone":2882,"minecraft:repeater":1,"minecraft:andesite":34,"minecraft:potato":40,"minecraft:acacia_boat":6,"minecraft:dirt":1479,"minecraft:bone":276,"minecraft:acacia_planks":22,"minecraft:bow":34,"minecraft:wheat_seeds":111,"minecraft:bell":1,"minecraft:bolt_armor_trim_smithing_template":15,"minecraft:netherite_axe":51,"minecraft:fletching_table":3,"minecraft:bamboo":15,"minecraft:oak_planks":25,"minecraft:cooked_porkchop":320,"minecraft:waxed_chiseled_copper":1,"minecraft:sand":23,"minecraft:diamond_block":2,"minecraft:mossy_cobblestone":14,"minecraft:sugar":9,"minecraft:diamond":141,"minecraft:netherite_helmet":15,"minecraft:crossbow":22,"minecraft:breeze_rod":13,"minecraft:golden_apple":696,"minecraft:emerald":799,"minecraft:netherrack":214,"minecraft:waxed_oxidized_cut_copper":4,"minecraft:cocoa_beans":44,"minecraft:chicken":1,"minecraft:ladder":5,"minecraft:turtle_helmet":89,"minecraft:packed_ice":448,"minecraft:brick":8,"minecraft:shield":38,"minecraft:oak_trapdoor":4,"minecraft:iron_axe":25,"minecraft:wooden_sword":3,"minecraft:oak_boat":39,"minecraft:player_head":1,"minecraft:observer":195,"minecraft:lectern":1,"minecraft:sugar_cane":261,"minecraft:spruce_trapdoor":1,"minecraft:phantom_membrane":3,"minecraft:raw_iron":10,"minecraft:trident":69,"minecraft:zombified_piglin_spawn_egg":1,"minecraft:arrow":1977,"minecraft:weeping_vines":1,"minecraft:golden_hoe":2,"minecraft:saddle":22,"minecraft:netherite_boots":34,"minecraft:golden_carrot":15,"minecraft:waxed_copper_block":47,"minecraft:chainmail_chestplate":1,"minecraft:cobblestone_stairs":10,"minecraft:yellow_bed":8,"minecraft:gunpowder":27,"minecraft:spruce_wood":1,"minecraft:iron_ingot":293,"minecraft:cooked_chicken":35,"minecraft:stripped_oak_wood":1,"minecraft:sculk_catalyst":6,"minecraft:oak_slab":8,"minecraft:emerald_block":11,"minecraft:heavy_core":13,"minecraft:dandelion":7,"minecraft:dripstone_block":14,"minecraft:blast_furnace":4,"minecraft:white_bed":22,"minecraft:spider_eye":6,"minecraft:dried_kelp_block":1,"minecraft:chainmail_leggings":21,"minecraft:iron_helmet":7,"minecraft:black_wool":375,"minecraft:damaged_anvil":1,"minecraft:netherite_hoe":14,"minecraft:coal":133,"minecraft:chiseled_tuff_bricks":17},"minecraft:killed_by":{"minecraft:ravager":1,"minecraft:magma_cube":1,"minecraft:vindicator":7,"minecraft:zombie":9,"minecraft:warden":5,"minecraft:wither":3,"minecraft:zombified_piglin":13,"minecraft:creeper":4,"minecraft:blaze":2,"minecraft:player":70,"minecraft:spider":1,"minecraft:iron_golem":72,"minecraft:skeleton":9},"minecraft:broken":{"minecraft:iron_boots":1,"minecraft:netherite_chestplate":6,"minecraft:chainmail_boots":1,"minecraft:golden_sword":3,"minecraft:netherite_leggings":7,"minecraft:netherite_helmet":8,"minecraft:diamond_leggings":1,"minecraft:shield":2,"minecraft:turtle_helmet":2,"minecraft:netherite_boots":8},"minecraft:killed":{"minecraft:skeleton":19,"minecraft:chicken":4,"minecraft:skeleton_horse":2,"minecraft:parrot":1,"minecraft:salmon":1,"minecraft:iron_golem":19,"minecraft:ender_dragon":1,"minecraft:pillager":25,"minecraft:zombie":99,"minecraft:evoker":5,"minecraft:vindicator":37,"minecraft:warden":7,"minecraft:ravager":9,"minecraft:breeze":31,"minecraft:zombified_piglin":242,"minecraft:witch":9,"minecraft:spider":7,"minecraft:silverfish":98,"minecraft:piglin":1,"minecraft:creeper":9,"minecraft:trader_llama":1,"minecraft:blaze":1,"minecraft:vex":14,"minecraft:bogged":66,"minecraft:slime":252,"minecraft:phantom":8,"minecraft:drowned":2,"minecraft:bat":1,"minecraft:hoglin":2,"minecraft:villager":117},"minecraft:custom":{"minecraft:interact_with_crafting_table":10,"minecraft:bell_ring":21,"minecraft:leave_game":42,"minecraft:time_since_death":79733,"minecraft:damage_blocked_by_shield":13370,"minecraft:play_time":1256891,"minecraft:deaths":251,"minecraft:jump":15977,"minecraft:interact_with_furnace":1,"minecraft:traded_with_villager":161,"minecraft:sleep_in_bed":18,"minecraft:damage_dealt":156547,"minecraft:inspect_dispenser":24,"minecraft:interact_with_anvil":5,"minecraft:inspect_hopper":2,"minecraft:damage_dealt_absorbed":1055,"minecraft:sneak_time":29364,"minecraft:interact_with_blast_furnace":4,"minecraft:total_world_time":1256891,"minecraft:interact_with_stonecutter":2,"minecraft:time_since_rest":79774,"minecraft:swim_one_cm":73551,"minecraft:fly_one_cm":9434535,"minecraft:open_chest":192,"minecraft:fall_one_cm":949429,"minecraft:open_shulker_box":13,"minecraft:damage_resisted":855281,"minecraft:sprint_one_cm":1923772,"minecraft:drop":1475,"minecraft:talked_to_villager":148,"minecraft:walk_on_water_one_cm":137354,"minecraft:open_enderchest":7,"minecraft:interact_with_beacon":17,"minecraft:player_kills":14,"minecraft:crouch_one_cm":110155,"minecraft:mob_kills":1239,"minecraft:damage_dealt_resisted":308218,"minecraft:climb_one_cm":3803,"minecraft:walk_one_cm":2682472,"minecraft:raid_win":2,"minecraft:walk_under_water_one_cm":205219,"minecraft:boat_one_cm":288301,"minecraft:raid_trigger":2,"minecraft:pot_flower":1,"minecraft:damage_taken":225504,"minecraft:damage_absorbed":18620},"minecraft:dropped":{"minecraft:ominous_bottle":11,"minecraft:oak_pressure_plate":1,"minecraft:cooked_beef":1,"minecraft:glass_bottle":3,"minecraft:diamond":60,"minecraft:crafting_table":1,"minecraft:dark_oak_slab":1,"minecraft:crossbow":44,"minecraft:saddle":19,"minecraft:red_mushroom":1,"minecraft:emerald":661,"minecraft:dirt":609,"minecraft:dark_oak_fence":2,"minecraft:netherite_boots":8,"minecraft:bubble_coral_block":2,"minecraft:gold_nugget":81,"minecraft:bone_block":1,"minecraft:phantom_membrane":2,"minecraft:sand":12,"minecraft:bolt_armor_trim_smithing_template":9,"minecraft:purple_wool":1,"minecraft:sugar":7,"minecraft:iron_pickaxe":5,"minecraft:polished_blackstone_slab":4,"minecraft:white_wool":3,"minecraft:end_crystal":1361,"minecraft:bone":267,"minecraft:waxed_cut_copper_slab":2,"minecraft:oak_door":2,"minecraft:polished_blackstone_wall":64,"minecraft:stone_axe":2,"minecraft:waxed_cut_copper_stairs":1,"minecraft:emerald_block":512,"minecraft:sugar_cane":257,"minecraft:cooked_chicken":35,"minecraft:golden_chestplate":1,"minecraft:cobbled_deepslate":273,"minecraft:netherite_sword":5,"minecraft:wheat":14,"minecraft:blue_wool":2,"minecraft:obsidian":48,"minecraft:rotten_flesh":353,"minecraft:oak_planks":14,"minecraft:enchanted_golden_apple":1,"minecraft:golden_shovel":2,"minecraft:white_bed":4,"minecraft:waxed_copper_block":46,"minecraft:wind_charge":185,"minecraft:sea_lantern":1,"minecraft:tipped_arrow":259,"minecraft:deepslate_tiles":2,"minecraft:ladder":3,"minecraft:leather_leggings":1,"minecraft:breeze_rod":13,"minecraft:glass":2,"minecraft:beef":3,"minecraft:lectern":1,"minecraft:egg":2,"minecraft:enchanted_book":23,"minecraft:iron_ingot":133,"minecraft:netherite_pickaxe":6,"minecraft:wheat_seeds":57,"minecraft:clock":1,"minecraft:tnt":1,"minecraft:deepslate_brick_wall":64,"minecraft:waxed_oxidized_cut_copper_stairs":1,"minecraft:netherite_chestplate":8,"minecraft:netherite_helmet":6,"minecraft:cobbled_deepslate_wall":64,"minecraft:oak_fence":4,"minecraft:feather":2,"minecraft:cobblestone":292,"minecraft:waxed_copper_grate":9,"minecraft:granite":2,"minecraft:deepslate_tile_slab":1,"minecraft:coal":35,"minecraft:golden_apple":91,"minecraft:oxeye_daisy":2,"minecraft:dried_kelp_block":1,"minecraft:gray_wool":1,"minecraft:golden_carrot":9,"minecraft:blackstone_wall":64,"minecraft:wooden_axe":1,"minecraft:potion":12,"minecraft:oak_stairs":2,"minecraft:golden_hoe":1,"minecraft:white_banner":5,"minecraft:smooth_stone":8,"minecraft:string":48,"minecraft:polished_deepslate_wall":64,"minecraft:acacia_planks":12,"minecraft:furnace":2,"minecraft:bricks":2,"minecraft:netherite_hoe":2,"minecraft:netherite_ingot":2,"minecraft:cocoa_beans":31,"minecraft:deepslate":128,"minecraft:vault":1,"minecraft:sticky_piston":1,"minecraft:diamond_hoe":1,"minecraft:experience_bottle":3207,"minecraft:iron_boots":1,"minecraft:damaged_anvil":1,"minecraft:spruce_fence":2,"minecraft:blast_furnace":66,"minecraft:diamond_sword":4,"minecraft:potato":22,"minecraft:stone":3,"minecraft:flower_pot":2,"minecraft:spruce_trapdoor":2,"minecraft:spruce_planks":1,"minecraft:yellow_bed":3,"minecraft:pink_shulker_box":2,"minecraft:spider_eye":2,"minecraft:stone_bricks":1,"minecraft:bow":70,"minecraft:bell":1,"minecraft:black_wool":31,"minecraft:acacia_boat":3,"minecraft:birch_planks":1,"minecraft:diamond_axe":4,"minecraft:polished_granite_slab":3,"minecraft:oak_log":251,"minecraft:baked_potato":20,"minecraft:netherite_upgrade_smithing_template":1,"minecraft:lantern":1,"minecraft:deepslate_tile_wall":1,"minecraft:polished_blackstone_brick_wall":64,"minecraft:music_disc_13":2,"minecraft:flint":9,"minecraft:cobblestone_stairs":5,"minecraft:cyan_terracotta":1,"minecraft:redstone_lamp":1,"minecraft:mace":3,"minecraft:packed_ice":1932,"minecraft:ice":1,"minecraft:dispenser":9,"minecraft:cornflower":1,"minecraft:dark_oak_wood":1,"minecraft:cut_sandstone":2,"minecraft:music_disc_precipice":4,"minecraft:gilded_blackstone":2,"minecraft:polished_blackstone_bricks":3,"minecraft:stripped_oak_wood":1,"minecraft:gold_ingot":7,"minecraft:armor_stand":4,"minecraft:gravel":14,"minecraft:chiseled_polished_blackstone":1,"minecraft:chiseled_tuff_bricks":16,"minecraft:pointed_dripstone":2,"minecraft:beetroot":2,"minecraft:diamond_shovel":1,"minecraft:honey_bottle":30,"minecraft:zombified_piglin_spawn_egg":1,"minecraft:carrot":8,"minecraft:chainmail_chestplate":1,"minecraft:music_disc_creator":15,"minecraft:poppy":30,"minecraft:turtle_helmet":6,"minecraft:trident":8,"minecraft:gunpowder":14,"minecraft:oak_wood":64,"minecraft:glowstone":1,"minecraft:chest":10,"minecraft:chainmail_boots":1,"minecraft:spruce_wood":2,"minecraft:blackstone_slab":2,"minecraft:arrow":1349,"minecraft:oak_leaves":1,"minecraft:netherrack":84,"minecraft:water_bucket":15,"minecraft:bread":684,"minecraft:oak_slab":6,"minecraft:vine":1,"minecraft:mossy_cobblestone":7,"minecraft:diamond_leggings":1,"minecraft:netherite_axe":6,"minecraft:observer":192,"minecraft:polished_tuff":35,"minecraft:amethyst_block":2,"minecraft:ominous_trial_key":399,"minecraft:grass_block":5,"minecraft:stick":23,"minecraft:iron_block":1,"minecraft:diorite":25,"minecraft:torch":29,"minecraft:sculk_catalyst":3,"minecraft:waxed_oxidized_copper":43,"minecraft:wither_rose":2,"minecraft:slime_spawn_egg":47,"minecraft:iron_axe":16,"minecraft:flow_banner_pattern":17,"minecraft:cactus":2,"minecraft:bucket":64,"minecraft:music_disc_cat":1,"minecraft:dandelion":2,"minecraft:redstone":221,"minecraft:anvil":1,"minecraft:tuff_bricks":50,"minecraft:oak_trapdoor":4,"minecraft:ender_chest":2,"minecraft:nether_wart":64,"minecraft:blaze_rod":16,"minecraft:guster_banner_pattern":2,"minecraft:raw_iron":10,"minecraft:composter":1,"minecraft:villager_spawn_egg":2,"minecraft:smoker":64,"minecraft:stripped_oak_log":1,"minecraft:ender_eye":65,"minecraft:totem_of_undying":12,"minecraft:glass_pane":3,"minecraft:netherite_leggings":5,"minecraft:flint_and_steel":5,"minecraft:light":1,"minecraft:deepslate_bricks":3,"minecraft:shield":13,"minecraft:trial_key":179,"minecraft:diamond_chestplate":2,"minecraft:iron_chestplate":7,"minecraft:andesite":17,"minecraft:oak_boat":5,"minecraft:waxed_oxidized_cut_copper":4,"minecraft:end_portal_frame":65,"minecraft:golden_sword":12,"minecraft:waxed_chiseled_copper":1,"minecraft:diamond_boots":2,"minecraft:slime_ball":292,"minecraft:stone_pickaxe":1,"minecraft:brick":8}},"DataVersion":3953}