{"stats":{"minecraft:killed":{"minecraft:witch":1,"minecraft:spider":11,"minecraft:skeleton":13,"minecraft:chicken":1,"minecraft:pig":9,"minecraft:zombie_villager":1,"minecraft:iron_golem":4,"minecraft:creeper":4,"minecraft:sheep":2,"minecraft:zombie":22,"minecraft:glow_squid":2,"minecraft:cow":4,"minecraft:horse":5,"minecraft:drowned":1,"minecraft:husk":2,"minecraft:enderman":1},"minecraft:mined":{"minecraft:white_bed":6,"minecraft:jungle_leaves":349,"minecraft:obsidian":22,"minecraft:acacia_log":29,"minecraft:grass_block":34,"minecraft:jungle_log":167,"minecraft:deepslate_bricks":121,"minecraft:deepslate_tile_stairs":23,"minecraft:oxeye_daisy":1,"minecraft:smooth_stone":3,"minecraft:polished_blackstone_bricks":11,"minecraft:cobbled_deepslate":12,"minecraft:fire":8,"minecraft:azure_bluet":2,"minecraft:enchanting_table":2,"minecraft:oak_stairs":54,"minecraft:iron_block":1,"minecraft:deepslate_redstone_ore":35,"minecraft:jungle_door":4,"minecraft:orange_terracotta":4,"minecraft:blast_furnace":1,"minecraft:poppy":1,"minecraft:melon":3,"minecraft:chest":3,"minecraft:dead_bush":7,"minecraft:cobblestone":8,"minecraft:sugar_cane":52,"minecraft:oak_planks":48,"minecraft:seagrass":1,"minecraft:birch_log":50,"minecraft:wheat":11,"minecraft:stripped_oak_wood":1,"minecraft:tnt":1,"minecraft:oak_log":121,"minecraft:beetroots":1,"minecraft:sand":1,"minecraft:dirt":48,"minecraft:netherrack":1,"minecraft:oak_leaves":245,"minecraft:deepslate":49,"minecraft:redstone_lamp":4,"minecraft:deepslate_tiles":2,"minecraft:crying_obsidian":1,"minecraft:deepslate_diamond_ore":22,"minecraft:jungle_planks":1,"minecraft:hay_block":27,"minecraft:deepslate_brick_slab":4,"minecraft:furnace":1,"minecraft:carrots":17,"minecraft:andesite":3,"minecraft:gold_block":2,"minecraft:bell":1,"minecraft:potatoes":2,"minecraft:deepslate_iron_ore":14,"minecraft:vine":47,"minecraft:lantern":4,"minecraft:stripped_oak_log":12,"minecraft:packed_ice":3,"minecraft:bamboo":8,"minecraft:stone":100,"minecraft:oak_slab":22,"minecraft:birch_stairs":71,"minecraft:acacia_leaves":1,"minecraft:glass_pane":17,"minecraft:dandelion":1,"minecraft:oak_fence":8,"minecraft:crafting_table":7,"minecraft:cornflower":2,"minecraft:short_grass":300,"minecraft:campfire":5,"minecraft:copper_ore":4,"minecraft:tall_grass":13,"minecraft:deepslate_gold_ore":22,"minecraft:cactus":2,"minecraft:birch_leaves":1,"minecraft:yellow_bed":7,"minecraft:coal_ore":69,"minecraft:cocoa":7,"minecraft:gravel":13,"minecraft:terracotta":4,"minecraft:fern":34},"minecraft:killed_by":{"minecraft:creeper":1,"minecraft:zombie":1,"minecraft:enderman":1,"minecraft:skeleton":1},"minecraft:crafted":{"minecraft:oak_planks":1520,"minecraft:wolf_armor":1,"minecraft:stone":3,"minecraft:diamond_shovel":2,"minecraft:bookshelf":30,"minecraft:cooked_mutton":2,"minecraft:diamond_helmet":1,"minecraft:diamond_leggings":1,"minecraft:bow":1,"minecraft:iron_boots":1,"minecraft:chest":9,"minecraft:birch_door":6,"minecraft:oak_fence":192,"minecraft:oak_slab":384,"minecraft:emerald":624,"minecraft:cooked_porkchop":4,"minecraft:diamond_axe":2,"minecraft:crafting_table":5,"minecraft:jungle_boat":1,"minecraft:wooden_pickaxe":1,"minecraft:brush":2,"minecraft:copper_ingot":2,"minecraft:gold_block":2,"minecraft:birch_planks":188,"minecraft:campfire":40,"minecraft:lectern":1,"minecraft:book":7,"minecraft:diamond_pickaxe":1,"minecraft:emerald_block":45,"minecraft:shield":4,"minecraft:stick":1821,"minecraft:iron_ingot":12,"minecraft:iron_pickaxe":1,"minecraft:iron_block":7,"minecraft:stone_sword":1,"minecraft:gold_ingot":46,"minecraft:birch_stairs":152,"minecraft:shears":15,"minecraft:golden_carrot":44,"minecraft:coal":117,"minecraft:stone_shovel":2,"minecraft:smooth_stone_slab":6,"minecraft:furnace":1,"minecraft:bone_meal":75,"minecraft:flint_and_steel":2,"minecraft:stone_pickaxe":2,"minecraft:diamond_boots":2,"minecraft:redstone_block":8,"minecraft:wheat":819,"minecraft:coal_block":13,"minecraft:diamond_sword":1,"minecraft:enchanting_table":1,"minecraft:bucket":2,"minecraft:stone_axe":1,"minecraft:bread":273,"minecraft:air":0,"minecraft:jungle_planks":644,"minecraft:jungle_door":6,"minecraft:gold_nugget":360,"minecraft:oak_stairs":168,"minecraft:wooden_axe":1,"minecraft:stonecutter":1,"minecraft:acacia_planks":108,"minecraft:torch":24,"minecraft:lapis_block":9,"minecraft:diamond_chestplate":1},"minecraft:picked_up":{"minecraft:wooden_axe":1,"minecraft:wheat":11,"minecraft:redstone_block":4,"minecraft:diamond_sword":4,"minecraft:oak_stairs":153,"minecraft:golden_shovel":3,"minecraft:golden_sword":1,"minecraft:string":14,"minecraft:raw_copper":10,"minecraft:beetroot":1,"minecraft:diamond_leggings":5,"minecraft:deepslate_tiles":3,"minecraft:cobbled_deepslate":869,"minecraft:smooth_stone":3,"minecraft:bucket":1,"minecraft:iron_pickaxe":2,"minecraft:melon_slice":17,"minecraft:furnace":1,"minecraft:stick":38,"minecraft:jungle_door":4,"minecraft:oak_fence":7,"minecraft:torch":16,"minecraft:acacia_log":28,"minecraft:porkchop":26,"minecraft:diorite":13,"minecraft:vine":15,"minecraft:deepslate_tile_stairs":87,"minecraft:cactus":2,"minecraft:rotten_flesh":32,"minecraft:iron_block":2,"minecraft:armadillo_scute":8,"minecraft:bookshelf":24,"minecraft:netherite_chestplate":2,"minecraft:obsidian":106,"minecraft:cobblestone":155,"minecraft:birch_log":48,"minecraft:enchanting_table":3,"minecraft:feather":4,"minecraft:jungle_log":169,"minecraft:water_bucket":1,"minecraft:andesite":3,"minecraft:potato":10,"minecraft:flint":10,"minecraft:tuff":9,"minecraft:lapis_lazuli":8,"minecraft:dirt":530,"minecraft:lantern":4,"minecraft:name_tag":1,"minecraft:bone":14,"minecraft:acacia_planks":31,"minecraft:bow":2,"minecraft:wheat_seeds":95,"minecraft:deepslate_brick_slab":4,"minecraft:raw_gold":28,"minecraft:bell":2,"minecraft:netherite_axe":1,"minecraft:diamond_helmet":4,"minecraft:bamboo":97,"minecraft:oak_planks":68,"minecraft:jungle_planks":1,"minecraft:sand":2,"minecraft:grass_block":1,"minecraft:mossy_cobblestone":6,"minecraft:jungle_leaves":246,"minecraft:dispenser":1,"minecraft:sugar":2,"minecraft:diamond":98,"minecraft:lever":2,"minecraft:bread":170,"minecraft:oak_sapling":16,"minecraft:netherrack":1,"minecraft:oak_leaves":360,"minecraft:diamond_pickaxe":3,"minecraft:charcoal":10,"minecraft:cocoa_beans":25,"minecraft:crafting_table":8,"minecraft:azure_bluet":1,"minecraft:chicken":1,"minecraft:leather_leggings":1,"minecraft:redstone_lamp":4,"minecraft:turtle_helmet":1,"minecraft:wooden_pickaxe":1,"minecraft:gold_block":2,"minecraft:shield":1,"minecraft:cornflower":3,"minecraft:flint_and_steel":2,"minecraft:glass_pane":640,"minecraft:beef":7,"minecraft:jungle_sapling":11,"minecraft:poppy":9,"minecraft:sugar_cane":139,"minecraft:chest":1,"minecraft:egg":1,"minecraft:raw_iron":25,"minecraft:polished_blackstone_bricks":12,"minecraft:trident":1,"minecraft:carrot":64,"minecraft:redstone":226,"minecraft:tnt":1,"minecraft:stone_shovel":1,"minecraft:diamond_chestplate":3,"minecraft:arrow":24,"minecraft:golden_hoe":1,"minecraft:diamond_boots":4,"minecraft:shears":1,"minecraft:deepslate_bricks":26316,"minecraft:hay_block":27,"minecraft:gold_ingot":19,"minecraft:glow_berries":4,"minecraft:mutton":5,"minecraft:white_wool":3,"minecraft:oxeye_daisy":1,"minecraft:stripped_oak_log":13,"minecraft:golden_carrot":16,"minecraft:glow_ink_sac":15,"minecraft:leather":10,"minecraft:fern":4,"minecraft:birch_planks":64,"minecraft:oak_log":778,"minecraft:yellow_bed":10,"minecraft:gunpowder":20,"minecraft:orange_terracotta":8,"minecraft:apple":43,"minecraft:stone_pickaxe":3,"minecraft:iron_ingot":77,"minecraft:acacia_sapling":1,"minecraft:oak_slab":26,"minecraft:dandelion":1,"minecraft:gravel":11,"minecraft:birch_stairs":96,"minecraft:blast_furnace":1,"minecraft:white_bed":15,"minecraft:crying_obsidian":1,"minecraft:spider_eye":3,"minecraft:stone_axe":1,"minecraft:short_grass":5,"minecraft:chainmail_leggings":1,"minecraft:diamond_axe":3,"minecraft:terracotta":4,"minecraft:melon_seeds":1,"minecraft:coal":66,"minecraft:ender_pearl":1},"minecraft:broken":{"minecraft:diamond_helmet":1,"minecraft:shears":2,"minecraft:stone_pickaxe":1,"minecraft:golden_sword":1,"minecraft:stone_shovel":1,"minecraft:shield":1,"minecraft:brush":2},"minecraft:used":{"minecraft:chest":10,"minecraft:shield":70,"minecraft:bell":1,"minecraft:cocoa_beans":8,"minecraft:jungle_planks":1,"minecraft:carrot":5,"minecraft:deepslate_brick_slab":285,"minecraft:acacia_sapling":1,"minecraft:obsidian":66,"minecraft:jungle_sapling":5,"minecraft:lava_bucket":19,"minecraft:golden_sword":34,"minecraft:furnace":1,"minecraft:oak_sapling":1,"minecraft:potato":10,"minecraft:stone_pickaxe":134,"minecraft:oak_planks":368,"minecraft:ender_pearl":1,"minecraft:wooden_pickaxe":18,"minecraft:redstone_block":4,"minecraft:diamond_axe":931,"minecraft:jungle_boat":1,"minecraft:oak_leaves":70,"minecraft:golden_apple":1,"minecraft:sand":1,"minecraft:shears":557,"minecraft:bread":108,"minecraft:lectern":1,"minecraft:gravel":10,"minecraft:diamond_sword":140,"minecraft:birch_log":1,"minecraft:andesite":1,"minecraft:bone_meal":17,"minecraft:oak_fence":62,"minecraft:trident":2,"minecraft:jungle_leaves":75,"minecraft:enchanting_table":3,"minecraft:stone_sword":25,"minecraft:acacia_log":1,"minecraft:flint_and_steel":18,"minecraft:stone_shovel":191,"minecraft:netherrack":1,"minecraft:torch":14,"minecraft:dirt":484,"minecraft:golden_shovel":2,"minecraft:birch_door":4,"minecraft:wooden_axe":9,"minecraft:bookshelf":25,"minecraft:oak_stairs":184,"minecraft:jungle_log":1,"minecraft:bamboo":23,"minecraft:diamond_chestplate":1,"minecraft:golden_carrot":44,"minecraft:deepslate_tile_stairs":105,"minecraft:cobbled_deepslate":51,"minecraft:wheat_seeds":26,"minecraft:cooked_mutton":2,"minecraft:water_bucket":43,"minecraft:stonecutter":1,"minecraft:deepslate_bricks":1129,"minecraft:mossy_cobblestone":7,"minecraft:terracotta":4,"minecraft:tnt":65,"minecraft:oak_slab":391,"minecraft:crafting_table":9,"minecraft:campfire":32,"minecraft:white_bed":9,"minecraft:oak_log":173,"minecraft:diamond_pickaxe":375,"minecraft:diamond_shovel":52,"minecraft:iron_pickaxe":47,"minecraft:stone_axe":70,"minecraft:cobblestone":75,"minecraft:porkchop":6,"minecraft:cooked_porkchop":2,"minecraft:jungle_door":8,"minecraft:bucket":64,"minecraft:glass_pane":231,"minecraft:yellow_bed":9,"minecraft:stripped_oak_log":6,"minecraft:diamond_leggings":1,"minecraft:birch_stairs":149},"minecraft:dropped":{"minecraft:short_grass":5,"minecraft:diamond":56,"minecraft:crafting_table":1,"minecraft:cooked_porkchop":2,"minecraft:flint":9,"minecraft:deepslate_tile_stairs":64,"minecraft:dirt":9,"minecraft:cornflower":1,"minecraft:iron_pickaxe":2,"minecraft:cobbled_deepslate":192,"minecraft:beetroot":1,"minecraft:rotten_flesh":2,"minecraft:fern":4,"minecraft:diamond_shovel":1,"minecraft:golden_shovel":1,"minecraft:azure_bluet":1,"minecraft:white_bed":3,"minecraft:poppy":1,"minecraft:turtle_helmet":1,"minecraft:trident":1,"minecraft:campfire":8,"minecraft:oak_leaves":231,"minecraft:bread":110,"minecraft:vine":15,"minecraft:iron_ingot":2,"minecraft:oak_slab":1,"minecraft:wheat_seeds":32,"minecraft:mossy_cobblestone":6,"minecraft:diamond_leggings":1,"minecraft:netherite_chestplate":2,"minecraft:netherite_axe":1,"minecraft:cobblestone":33,"minecraft:stick":2,"minecraft:diorite":13,"minecraft:torch":1,"minecraft:wooden_axe":1,"minecraft:diamond_helmet":1,"minecraft:oak_stairs":1,"minecraft:armadillo_scute":2,"minecraft:golden_hoe":1,"minecraft:chainmail_leggings":1,"minecraft:string":2,"minecraft:dandelion":1,"minecraft:redstone":4,"minecraft:smooth_stone_slab":6,"minecraft:stone_shovel":1,"minecraft:shears":8,"minecraft:glass_pane":49,"minecraft:wolf_armor":1,"minecraft:diamond_sword":1,"minecraft:shield":1,"minecraft:yellow_bed":2,"minecraft:bell":1,"minecraft:stone_pickaxe":2,"minecraft:wooden_pickaxe":1},"minecraft:custom":{"minecraft:interact_with_crafting_table":71,"minecraft:bell_ring":45,"minecraft:leave_game":20,"minecraft:time_since_death":150045,"minecraft:sprint_one_cm":1390251,"minecraft:damage_blocked_by_shield":5501,"minecraft:drop":226,"minecraft:talked_to_villager":29,"minecraft:play_time":487744,"minecraft:deaths":5,"minecraft:jump":10022,"minecraft:walk_on_water_one_cm":114362,"minecraft:interact_with_furnace":17,"minecraft:traded_with_villager":78,"minecraft:sleep_in_bed":10,"minecraft:open_enderchest":17,"minecraft:damage_dealt":18239,"minecraft:crouch_one_cm":136121,"minecraft:mob_kills":85,"minecraft:interact_with_anvil":2,"minecraft:climb_one_cm":22154,"minecraft:walk_one_cm":1417183,"minecraft:sneak_time":42312,"minecraft:walk_under_water_one_cm":48999,"minecraft:boat_one_cm":125044,"minecraft:interact_with_blast_furnace":12,"minecraft:total_world_time":487744,"minecraft:interact_with_stonecutter":9,"minecraft:time_since_rest":150057,"minecraft:damage_taken":9444,"minecraft:damage_absorbed":17,"minecraft:swim_one_cm":171319,"minecraft:fly_one_cm":2147492,"minecraft:open_chest":214,"minecraft:fall_one_cm":272589}},"DataVersion":3953}