{"stats":{"minecraft:killed":{"minecraft:witch":2,"minecraft:vindicator":4,"minecraft:skeleton":5,"minecraft:pillager":5,"minecraft:zombie":8},"minecraft:mined":{"minecraft:diamond_ore":7,"minecraft:white_bed":5,"minecraft:oak_door":1,"minecraft:granite":4,"minecraft:acacia_log":8,"minecraft:grass_block":1682,"minecraft:deepslate_bricks":3,"minecraft:furnace":1,"minecraft:iron_ore":23,"minecraft:cobbled_deepslate":1,"minecraft:fire":8,"minecraft:andesite":55,"minecraft:deepslate_iron_ore":4,"minecraft:stone":167,"minecraft:acacia_leaves":1,"minecraft:crafting_table":6,"minecraft:torch":10,"minecraft:short_grass":117,"minecraft:chest":10,"minecraft:nether_quartz_ore":46,"minecraft:cobblestone":4,"minecraft:copper_ore":1,"minecraft:tall_grass":23,"minecraft:oak_planks":79,"minecraft:diorite":10,"minecraft:wall_torch":5,"minecraft:deepslate_copper_ore":4,"minecraft:wheat":19,"minecraft:oak_log":1588,"minecraft:coal_ore":25,"minecraft:beetroots":1,"minecraft:dirt":295,"minecraft:gravel":2,"minecraft:netherrack":415,"minecraft:oak_leaves":5,"minecraft:deepslate":704},"minecraft:crafted":{"minecraft:oak_planks":1872,"minecraft:diamond_hoe":1,"minecraft:furnace":1,"minecraft:diamond_shovel":1,"minecraft:diamond_leggings":1,"minecraft:stone_pickaxe":2,"minecraft:chest":4,"minecraft:diamond_boots":1,"minecraft:oak_button":1,"minecraft:wooden_shovel":1,"minecraft:diamond_sword":1,"minecraft:diamond_axe":1,"minecraft:crafting_table":2,"minecraft:wooden_pickaxe":1,"minecraft:stone_axe":1,"minecraft:bread":6,"minecraft:air":0,"minecraft:diamond_pickaxe":2,"minecraft:shield":1,"minecraft:stick":36,"minecraft:iron_pickaxe":1,"minecraft:iron_ingot":27,"minecraft:iron_block":3,"minecraft:anvil":1,"minecraft:torch":52,"minecraft:diamond_chestplate":1},"minecraft:killed_by":{"minecraft:evoker":1,"minecraft:player":10,"minecraft:ravager":1,"minecraft:vindicator":4,"minecraft:zombie":2,"minecraft:vex":4},"minecraft:picked_up":{"minecraft:crafting_table":15,"minecraft:wheat":19,"minecraft:turtle_helmet":3,"minecraft:diamond_sword":14,"minecraft:wooden_pickaxe":1,"minecraft:potion":2,"minecraft:enchanted_book":4,"minecraft:shield":8,"minecraft:cornflower":2,"minecraft:string":30,"minecraft:iron_axe":1,"minecraft:raw_copper":48,"minecraft:flint_and_steel":1,"minecraft:netherite_ingot":1,"minecraft:beetroot":1,"minecraft:diamond_leggings":4,"minecraft:cobbled_deepslate":705,"minecraft:poppy":7,"minecraft:iron_pickaxe":12,"minecraft:chest":97,"minecraft:diamond_hoe":16,"minecraft:furnace":1,"minecraft:stick":24,"minecraft:raw_iron":27,"minecraft:oak_door":1,"minecraft:torch":33,"minecraft:acacia_log":8,"minecraft:diorite":11,"minecraft:redstone":66,"minecraft:netherite_pickaxe":12,"minecraft:arrow":89,"minecraft:rotten_flesh":37,"minecraft:beetroot_seeds":6,"minecraft:deepslate_bricks":538,"minecraft:iron_block":1,"minecraft:saddle":17,"minecraft:totem_of_undying":1,"minecraft:netherite_chestplate":12,"minecraft:cobblestone":171,"minecraft:birch_log":1,"minecraft:netherite_boots":13,"minecraft:water_bucket":21,"minecraft:andesite":54,"minecraft:oak_log":788,"minecraft:gunpowder":3,"minecraft:netherite_leggings":12,"minecraft:dirt":3878,"minecraft:white_banner":16,"minecraft:bone":44,"minecraft:wheat_seeds":199,"minecraft:iron_ingot":116,"minecraft:stripped_oak_wood":5,"minecraft:netherite_axe":9,"minecraft:glass_bottle":2,"minecraft:oak_planks":592,"minecraft:oak_slab":289,"minecraft:quartz":114,"minecraft:dandelion":6,"minecraft:gravel":4,"minecraft:white_bed":8,"minecraft:spider_eye":14,"minecraft:diamond_shovel":12,"minecraft:deepslate":64,"minecraft:diamond":609,"minecraft:stone_axe":1,"minecraft:netherite_helmet":31,"minecraft:crossbow":2,"minecraft:diamond_axe":13,"minecraft:granite":9,"minecraft:golden_apple":21,"minecraft:emerald":25,"minecraft:bread":1006,"minecraft:oak_button":1,"minecraft:oak_sapling":2,"minecraft:netherite_hoe":3,"minecraft:netherrack":452,"minecraft:coal":135,"minecraft:diamond_pickaxe":9},"minecraft:broken":{"minecraft:stone_pickaxe":1,"minecraft:stone_axe":1,"minecraft:netherite_boots":1},"minecraft:used":{"minecraft:beetroot":1,"minecraft:flint_and_steel":1,"minecraft:chest":9,"minecraft:shield":21,"minecraft:wooden_shovel":13,"minecraft:rotten_flesh":10,"minecraft:netherrack":80,"minecraft:torch":68,"minecraft:dirt":329,"minecraft:anvil":1,"minecraft:totem_of_undying":1,"minecraft:netherite_boots":2,"minecraft:diamond_chestplate":1,"minecraft:furnace":2,"minecraft:cobbled_deepslate":1,"minecraft:wheat_seeds":21,"minecraft:water_bucket":18,"minecraft:stone_pickaxe":229,"minecraft:netherite_chestplate":3,"minecraft:oak_planks":1880,"minecraft:wooden_pickaxe":44,"minecraft:diamond_axe":1570,"minecraft:deepslate_bricks":12,"minecraft:oak_leaves":4,"minecraft:golden_apple":10,"minecraft:netherite_leggings":4,"minecraft:crafting_table":7,"minecraft:netherite_helmet":16,"minecraft:white_bed":6,"minecraft:diamond_pickaxe":1176,"minecraft:diamond_shovel":2007,"minecraft:bread":111,"minecraft:iron_pickaxe":38,"minecraft:stone_axe":131,"minecraft:diamond_sword":138,"minecraft:bucket":18},"minecraft:dropped":{"minecraft:water_bucket":1,"minecraft:wheat_seeds":114,"minecraft:netherite_axe":1,"minecraft:diamond_leggings":4,"minecraft:netherite_helmet":1,"minecraft:granite":5,"minecraft:acacia_log":8,"minecraft:iron_block":1,"minecraft:dirt":636,"minecraft:diorite":11,"minecraft:cornflower":1,"minecraft:birch_log":1,"minecraft:dandelion":1,"minecraft:oak_door":1,"minecraft:gravel":1,"minecraft:netherite_hoe":1,"minecraft:cobbled_deepslate":704,"minecraft:raw_copper":4,"minecraft:oak_planks":70,"minecraft:diamond_shovel":2,"minecraft:poppy":1,"minecraft:turtle_helmet":2,"minecraft:oak_button":2,"minecraft:diamond_pickaxe":1,"minecraft:andesite":3,"minecraft:beetroot_seeds":6,"minecraft:oak_sapling":2,"minecraft:wooden_shovel":1,"minecraft:stone_pickaxe":1,"minecraft:wooden_pickaxe":2,"minecraft:netherrack":64},"minecraft:custom":{"minecraft:interact_with_smithing_table":3,"minecraft:mob_kills":25,"minecraft:interact_with_anvil":10,"minecraft:interact_with_crafting_table":34,"minecraft:bell_ring":28,"minecraft:leave_game":4,"minecraft:time_since_death":1834,"minecraft:climb_one_cm":28,"minecraft:sprint_one_cm":725985,"minecraft:walk_one_cm":940224,"minecraft:damage_blocked_by_shield":1740,"minecraft:drop":83,"minecraft:damage_dealt_absorbed":229,"minecraft:talked_to_villager":1,"minecraft:raid_win":1,"minecraft:play_time":258683,"minecraft:deaths":23,"minecraft:sneak_time":8159,"minecraft:walk_under_water_one_cm":13800,"minecraft:jump":4083,"minecraft:walk_on_water_one_cm":25445,"minecraft:total_world_time":258683,"minecraft:interact_with_furnace":22,"minecraft:interact_with_stonecutter":1,"minecraft:sleep_in_bed":1,"minecraft:time_since_rest":1863,"minecraft:open_enderchest":10,"minecraft:damage_taken":12633,"minecraft:damage_absorbed":300,"minecraft:damage_dealt":5630,"minecraft:player_kills":3,"minecraft:swim_one_cm":44431,"minecraft:fly_one_cm":806845,"minecraft:open_chest":112,"minecraft:crouch_one_cm":27640,"minecraft:fall_one_cm":60221}},"DataVersion":3953}