{
  "minecraft:recipes/decorations/crafting_table": {
    "criteria": {
      "unlock_right_away": "2025-01-30 03:02:09 +0000"
    },
    "done": true
  },
  "minecraft:adventure/adventuring_time": {
    "criteria": {
      "minecraft:badlands": "2025-02-01 03:55:38 +0000",
      "minecraft:beach": "2025-01-30 03:02:50 +0000",
      "minecraft:dark_forest": "2025-02-05 23:13:19 +0000",
      "minecraft:forest": "2025-01-30 03:21:42 +0000",
      "minecraft:sparse_jungle": "2025-01-31 03:43:01 +0000",
      "minecraft:river": "2025-01-30 03:05:14 +0000",
      "minecraft:lukewarm_ocean": "2025-02-04 20:43:24 +0000",
      "minecraft:stony_shore": "2025-01-31 03:35:55 +0000",
      "minecraft:dripstone_caves": "2025-02-04 20:24:21 +0000",
      "minecraft:old_growth_birch_forest": "2025-02-05 23:18:40 +0000",
      "minecraft:eroded_badlands": "2025-01-30 03:10:37 +0000",
      "minecraft:desert": "2025-01-30 03:09:42 +0000",
      "minecraft:windswept_forest": "2025-02-05 23:16:40 +0000",
      "minecraft:deep_dark": "2025-01-31 03:43:24 +0000",
      "minecraft:jungle": "2025-01-30 03:26:54 +0000",
      "minecraft:swamp": "2025-02-05 23:17:32 +0000",
      "minecraft:meadow": "2025-02-04 20:23:06 +0000",
      "minecraft:savanna": "2025-01-30 03:02:10 +0000",
      "minecraft:plains": "2025-01-30 03:07:32 +0000",
      "minecraft:warm_ocean": "2025-02-04 20:22:13 +0000",
      "minecraft:deep_lukewarm_ocean": "2025-02-04 20:43:24 +0000"
    },
    "done": false
  },
  "minecraft:recipes/misc/charcoal": {
    "criteria": {
      "has_log": "2025-01-30 03:02:17 +0000"
    },
    "done": true
  },
  "minecraft:recipes/building_blocks/acacia_wood": {
    "criteria": {
      "has_log": "2025-01-30 03:02:17 +0000"
    },
    "done": true
  },
  "minecraft:recipes/building_blocks/acacia_planks": {
    "criteria": {
      "has_log": "2025-01-30 03:02:17 +0000"
    },
    "done": true
  },
  "minecraft:recipes/transportation/mangrove_boat": {
    "criteria": {
      "in_water": "2025-01-30 03:04:15 +0000"
    },
    "done": true
  },
  "minecraft:recipes/transportation/acacia_boat": {
    "criteria": {
      "in_water": "2025-01-30 03:04:15 +0000"
    },
    "done": true
  },
  "minecraft:recipes/transportation/cherry_boat": {
    "criteria": {
      "in_water": "2025-01-30 03:04:15 +0000"
    },
    "done": true
  },
  "minecraft:recipes/transportation/bamboo_raft": {
    "criteria": {
      "in_water": "2025-01-30 03:04:15 +0000"
    },
    "done": true
  },
  "minecraft:recipes/transportation/spruce_boat": {
    "criteria": {
      "in_water": "2025-01-30 03:04:15 +0000"
    },
    "done": true
  },
  "minecraft:recipes/transportation/birch_boat": {
    "criteria": {
      "in_water": "2025-01-30 03:04:15 +0000"
    },
    "done": true
  },
  "minecraft:recipes/transportation/oak_boat": {
    "criteria": {
      "in_water": "2025-01-30 03:04:15 +0000"
    },
    "done": true
  },
  "minecraft:recipes/transportation/jungle_boat": {
    "criteria": {
      "in_water": "2025-01-30 03:04:15 +0000"
    },
    "done": true
  },
  "minecraft:recipes/transportation/dark_oak_boat": {
    "criteria": {
      "in_water": "2025-01-30 03:04:15 +0000"
    },
    "done": true
  },
  "minecraft:adventure/root": {
    "criteria": {
      "killed_by_something": "2025-01-30 03:04:18 +0000"
    },
    "done": true
  },
  "minecraft:recipes/building_blocks/oak_planks": {
    "criteria": {
      "has_logs": "2025-01-30 03:04:32 +0000"
    },
    "done": true
  },
  "minecraft:recipes/building_blocks/oak_wood": {
    "criteria": {
      "has_log": "2025-01-30 03:04:32 +0000"
    },
    "done": true
  },
  "minecraft:recipes/redstone/acacia_button": {
    "criteria": {
      "has_planks": "2025-01-30 03:09:00 +0000"
    },
    "done": true
  },
  "minecraft:recipes/redstone/acacia_pressure_plate": {
    "criteria": {
      "has_planks": "2025-01-30 03:09:00 +0000"
    },
    "done": true
  },
  "minecraft:recipes/decorations/acacia_sign": {
    "criteria": {
      "has_planks": "2025-01-30 03:09:00 +0000"
    },
    "done": true
  },
  "minecraft:recipes/building_blocks/acacia_slab": {
    "criteria": {
      "has_planks": "2025-01-30 03:09:00 +0000"
    },
    "done": true
  },
  "minecraft:recipes/redstone/acacia_trapdoor": {
    "criteria": {
      "has_planks": "2025-01-30 03:09:00 +0000"
    },
    "done": true
  },
  "minecraft:recipes/misc/stick": {
    "criteria": {
      "has_planks": "2025-01-30 03:09:00 +0000"
    },
    "done": true
  },
  "minecraft:recipes/decorations/acacia_fence": {
    "criteria": {
      "has_planks": "2025-01-30 03:09:00 +0000"
    },
    "done": true
  },
  "minecraft:recipes/decorations/barrel": {
    "criteria": {
      "has_planks": "2025-01-30 03:09:00 +0000"
    },
    "done": true
  },
  "minecraft:recipes/building_blocks/acacia_stairs": {
    "criteria": {
      "has_planks": "2025-01-30 03:09:00 +0000"
    },
    "done": true
  },
  "minecraft:recipes/redstone/acacia_door": {
    "criteria": {
      "has_planks": "2025-01-30 03:09:00 +0000"
    },
    "done": true
  },
  "minecraft:recipes/redstone/acacia_fence_gate": {
    "criteria": {
      "has_planks": "2025-01-30 03:09:00 +0000"
    },
    "done": true
  },
  "minecraft:recipes/building_blocks/oak_slab": {
    "criteria": {
      "has_planks": "2025-01-30 03:09:03 +0000"
    },
    "done": true
  },
  "minecraft:recipes/decorations/oak_sign": {
    "criteria": {
      "has_planks": "2025-01-30 03:09:03 +0000"
    },
    "done": true
  },
  "minecraft:recipes/redstone/oak_trapdoor": {
    "criteria": {
      "has_planks": "2025-01-30 03:09:03 +0000"
    },
    "done": true
  },
  "minecraft:recipes/redstone/oak_fence_gate": {
    "criteria": {
      "has_planks": "2025-01-30 03:09:03 +0000"
    },
    "done": true
  },
  "minecraft:recipes/redstone/oak_pressure_plate": {
    "criteria": {
      "has_planks": "2025-01-30 03:09:03 +0000"
    },
    "done": true
  },
  "minecraft:recipes/redstone/oak_door": {
    "criteria": {
      "has_planks": "2025-01-30 03:09:03 +0000"
    },
    "done": true
  },
  "minecraft:recipes/building_blocks/oak_stairs": {
    "criteria": {
      "has_planks": "2025-01-30 03:09:03 +0000"
    },
    "done": true
  },
  "minecraft:recipes/decorations/oak_fence": {
    "criteria": {
      "has_planks": "2025-01-30 03:09:03 +0000"
    },
    "done": true
  },
  "minecraft:recipes/redstone/oak_button": {
    "criteria": {
      "has_planks": "2025-01-30 03:09:03 +0000"
    },
    "done": true
  },
  "minecraft:husbandry/balanced_diet": {
    "criteria": {
      "cooked_porkchop": "2025-01-30 03:09:18 +0000",
      "apple": "2025-01-31 03:47:29 +0000",
      "bread": "2025-01-30 03:18:05 +0000",
      "golden_apple": "2025-02-02 21:28:36 +0000",
      "salmon": "2025-02-05 15:29:20 +0000",
      "baked_potato": "2025-02-05 22:01:27 +0000",
      "beetroot": "2025-01-31 02:53:40 +0000",
      "golden_carrot": "2025-02-05 00:01:45 +0000",
      "carrot": "2025-01-31 02:38:00 +0000"
    },
    "done": false
  },
  "minecraft:husbandry/root": {
    "criteria": {
      "consumed_item": "2025-01-30 03:09:18 +0000"
    },
    "done": true
  },
  "minecraft:recipes/redstone/lever": {
    "criteria": {
      "has_cobblestone": "2025-01-30 03:09:21 +0000"
    },
    "done": true
  },
  "minecraft:recipes/combat/stone_sword": {
    "criteria": {
      "has_cobblestone": "2025-01-30 03:09:21 +0000"
    },
    "done": true
  },
  "minecraft:recipes/decorations/cobblestone_wall": {
    "criteria": {
      "has_cobblestone": "2025-01-30 03:09:21 +0000"
    },
    "done": true
  },
  "minecraft:recipes/tools/stone_pickaxe": {
    "criteria": {
      "has_cobblestone": "2025-01-30 03:09:21 +0000"
    },
    "done": true
  },
  "minecraft:recipes/tools/stone_axe": {
    "criteria": {
      "has_cobblestone": "2025-01-30 03:09:21 +0000"
    },
    "done": true
  },
  "minecraft:story/mine_stone": {
    "criteria": {
      "get_stone": "2025-01-30 03:09:21 +0000"
    },
    "done": true
  },
  "minecraft:recipes/decorations/furnace": {
    "criteria": {
      "has_cobblestone": "2025-01-30 03:09:21 +0000"
    },
    "done": true
  },
  "minecraft:recipes/building_blocks/cobblestone_slab": {
    "criteria": {
      "has_cobblestone": "2025-01-30 03:09:21 +0000"
    },
    "done": true
  },
  "minecraft:recipes/building_blocks/cobblestone_slab_from_cobblestone_stonecutting": {
    "criteria": {
      "has_cobblestone": "2025-01-30 03:09:21 +0000"
    },
    "done": true
  },
  "minecraft:recipes/building_blocks/stone": {
    "criteria": {
      "has_cobblestone": "2025-01-30 03:09:21 +0000"
    },
    "done": true
  },
  "minecraft:recipes/decorations/cobblestone_wall_from_cobblestone_stonecutting": {
    "criteria": {
      "has_cobblestone": "2025-01-30 03:09:21 +0000"
    },
    "done": true
  },
  "minecraft:recipes/building_blocks/cobblestone_stairs_from_cobblestone_stonecutting": {
    "criteria": {
      "has_cobblestone": "2025-01-30 03:09:21 +0000"
    },
    "done": true
  },
  "minecraft:recipes/building_blocks/cobblestone_stairs": {
    "criteria": {
      "has_cobblestone": "2025-01-30 03:09:21 +0000"
    },
    "done": true
  },
  "minecraft:recipes/tools/stone_hoe": {
    "criteria": {
      "has_cobblestone": "2025-01-30 03:09:21 +0000"
    },
    "done": true
  },
  "minecraft:recipes/tools/stone_shovel": {
    "criteria": {
      "has_cobblestone": "2025-01-30 03:09:21 +0000"
    },
    "done": true
  },
  "minecraft:recipes/misc/gold_nugget_from_smelting": {
    "criteria": {
      "has_golden_hoe": "2025-01-30 03:10:58 +0000"
    },
    "done": true
  },
  "minecraft:recipes/misc/gold_nugget_from_blasting": {
    "criteria": {
      "has_golden_hoe": "2025-01-30 03:10:58 +0000"
    },
    "done": true
  },
  "minecraft:recipes/decorations/chest": {
    "criteria": {
      "has_lots_of_items": "2025-01-30 03:11:00 +0000"
    },
    "done": true
  },
  "minecraft:recipes/decorations/fletching_table": {
    "criteria": {
      "has_flint": "2025-01-30 03:11:02 +0000"
    },
    "done": true
  },
  "minecraft:recipes/tools/flint_and_steel": {
    "criteria": {
      "has_flint": "2025-01-30 03:11:02 +0000"
    },
    "done": true
  },
  "minecraft:recipes/combat/arrow": {
    "criteria": {
      "has_flint": "2025-01-30 03:11:02 +0000"
    },
    "done": true
  },
  "minecraft:recipes/food/baked_potato_from_campfire_cooking": {
    "criteria": {
      "has_potato": "2025-01-30 03:11:47 +0000"
    },
    "done": true
  },
  "minecraft:recipes/food/baked_potato_from_smoking": {
    "criteria": {
      "has_potato": "2025-01-30 03:11:47 +0000"
    },
    "done": true
  },
  "minecraft:recipes/food/baked_potato": {
    "criteria": {
      "has_potato": "2025-01-30 03:11:47 +0000"
    },
    "done": true
  },
  "minecraft:adventure/sleep_in_bed": {
    "criteria": {
      "slept_in_bed": "2025-01-30 03:18:23 +0000"
    },
    "done": true
  },
  "minecraft:story/root": {
    "criteria": {
      "crafting_table": "2025-01-30 03:21:58 +0000"
    },
    "done": true
  },
  "minecraft:recipes/decorations/ladder": {
    "criteria": {
      "has_stick": "2025-01-30 03:22:01 +0000"
    },
    "done": true
  },
  "minecraft:recipes/decorations/campfire": {
    "criteria": {
      "has_stick": "2025-01-30 03:22:01 +0000"
    },
    "done": true
  },
  "minecraft:recipes/tools/wooden_hoe": {
    "criteria": {
      "has_stick": "2025-01-30 03:22:01 +0000"
    },
    "done": true
  },
  "minecraft:recipes/tools/wooden_pickaxe": {
    "criteria": {
      "has_stick": "2025-01-30 03:22:01 +0000"
    },
    "done": true
  },
  "minecraft:recipes/tools/wooden_axe": {
    "criteria": {
      "has_stick": "2025-01-30 03:22:01 +0000"
    },
    "done": true
  },
  "minecraft:recipes/tools/wooden_shovel": {
    "criteria": {
      "has_stick": "2025-01-30 03:22:01 +0000"
    },
    "done": true
  },
  "minecraft:recipes/combat/wooden_sword": {
    "criteria": {
      "has_stick": "2025-01-30 03:22:01 +0000"
    },
    "done": true
  },
  "minecraft:recipes/decorations/torch": {
    "criteria": {
      "has_stone_pickaxe": "2025-01-30 03:22:05 +0000"
    },
    "done": true
  },
  "minecraft:story/upgrade_tools": {
    "criteria": {
      "stone_pickaxe": "2025-01-30 03:22:05 +0000"
    },
    "done": true
  },
  "minecraft:recipes/building_blocks/coal_block": {
    "criteria": {
      "has_coal": "2025-01-30 03:22:34 +0000"
    },
    "done": true
  },
  "minecraft:recipes/misc/iron_ingot_from_smelting_raw_iron": {
    "criteria": {
      "has_raw_iron": "2025-01-30 03:24:09 +0000"
    },
    "done": true
  },
  "minecraft:recipes/building_blocks/raw_iron_block": {
    "criteria": {
      "has_raw_iron": "2025-01-30 03:24:09 +0000"
    },
    "done": true
  },
  "minecraft:recipes/misc/iron_ingot_from_blasting_raw_iron": {
    "criteria": {
      "has_raw_iron": "2025-01-30 03:24:09 +0000"
    },
    "done": true
  },
  "minecraft:recipes/combat/leather_helmet": {
    "criteria": {
      "has_leather": "2025-01-30 03:27:28 +0000"
    },
    "done": true
  },
  "minecraft:recipes/combat/leather_leggings": {
    "criteria": {
      "has_leather": "2025-01-30 03:27:28 +0000"
    },
    "done": true
  },
  "minecraft:recipes/food/cooked_beef_from_smoking": {
    "criteria": {
      "has_beef": "2025-01-30 03:27:28 +0000"
    },
    "done": true
  },
  "minecraft:recipes/decorations/item_frame": {
    "criteria": {
      "has_leather": "2025-01-30 03:27:28 +0000"
    },
    "done": true
  },
  "minecraft:recipes/combat/leather_chestplate": {
    "criteria": {
      "has_leather": "2025-01-30 03:27:28 +0000"
    },
    "done": true
  },
  "minecraft:recipes/combat/leather_boots": {
    "criteria": {
      "has_leather": "2025-01-30 03:27:28 +0000"
    },
    "done": true
  },
  "minecraft:recipes/misc/leather_horse_armor": {
    "criteria": {
      "has_leather": "2025-01-30 03:27:28 +0000"
    },
    "done": true
  },
  "minecraft:recipes/food/cooked_beef": {
    "criteria": {
      "has_beef": "2025-01-30 03:27:28 +0000"
    },
    "done": true
  },
  "minecraft:recipes/food/cooked_beef_from_campfire_cooking": {
    "criteria": {
      "has_beef": "2025-01-30 03:27:28 +0000"
    },
    "done": true
  },
  "minecraft:recipes/decorations/smoker": {
    "criteria": {
      "has_furnace": "2025-01-30 03:28:48 +0000"
    },
    "done": true
  },
  "minecraft:recipes/combat/iron_sword": {
    "criteria": {
      "has_iron_ingot": "2025-01-30 03:29:54 +0000"
    },
    "done": true
  },
  "minecraft:recipes/tools/iron_pickaxe": {
    "criteria": {
      "has_iron_ingot": "2025-01-30 03:29:54 +0000"
    },
    "done": true
  },
  "minecraft:recipes/combat/iron_leggings": {
    "criteria": {
      "has_iron_ingot": "2025-01-30 03:29:54 +0000"
    },
    "done": true
  },
  "minecraft:recipes/combat/shield": {
    "criteria": {
      "has_iron_ingot": "2025-01-30 03:29:54 +0000"
    },
    "done": true
  },
  "minecraft:recipes/redstone/hopper": {
    "criteria": {
      "has_iron_ingot": "2025-01-30 03:29:54 +0000"
    },
    "done": true
  },
  "minecraft:recipes/decorations/iron_bars": {
    "criteria": {
      "has_iron_ingot": "2025-01-30 03:29:54 +0000"
    },
    "done": true
  },
  "minecraft:recipes/combat/iron_boots": {
    "criteria": {
      "has_iron_ingot": "2025-01-30 03:29:54 +0000"
    },
    "done": true
  },
  "minecraft:recipes/combat/iron_chestplate": {
    "criteria": {
      "has_iron_ingot": "2025-01-30 03:29:54 +0000"
    },
    "done": true
  },
  "minecraft:recipes/decorations/lantern": {
    "criteria": {
      "has_iron_ingot": "2025-01-30 03:29:54 +0000"
    },
    "done": true
  },
  "minecraft:recipes/misc/iron_nugget": {
    "criteria": {
      "has_iron_ingot": "2025-01-30 03:29:54 +0000"
    },
    "done": true
  },
  "minecraft:recipes/misc/bucket": {
    "criteria": {
      "has_iron_ingot": "2025-01-30 03:29:54 +0000"
    },
    "done": true
  },
  "minecraft:recipes/combat/iron_helmet": {
    "criteria": {
      "has_iron_ingot": "2025-01-30 03:29:54 +0000"
    },
    "done": true
  },
  "minecraft:recipes/transportation/minecart": {
    "criteria": {
      "has_iron_ingot": "2025-01-30 03:29:54 +0000"
    },
    "done": true
  },
  "minecraft:recipes/tools/iron_hoe": {
    "criteria": {
      "has_iron_ingot": "2025-01-30 03:29:54 +0000"
    },
    "done": true
  },
  "minecraft:recipes/tools/iron_shovel": {
    "criteria": {
      "has_iron_ingot": "2025-01-30 03:29:54 +0000"
    },
    "done": true
  },
  "minecraft:story/smelt_iron": {
    "criteria": {
      "iron": "2025-01-30 03:29:54 +0000"
    },
    "done": true
  },
  "minecraft:recipes/tools/shears": {
    "criteria": {
      "has_iron_ingot": "2025-01-30 03:29:54 +0000"
    },
    "done": true
  },
  "minecraft:recipes/redstone/iron_trapdoor": {
    "criteria": {
      "has_iron_ingot": "2025-01-30 03:29:54 +0000"
    },
    "done": true
  },
  "minecraft:recipes/decorations/chain": {
    "criteria": {
      "has_iron_ingot": "2025-01-30 03:29:54 +0000"
    },
    "done": true
  },
  "minecraft:recipes/building_blocks/iron_block": {
    "criteria": {
      "has_iron_ingot": "2025-01-30 03:29:54 +0000"
    },
    "done": true
  },
  "minecraft:recipes/tools/iron_axe": {
    "criteria": {
      "has_iron_ingot": "2025-01-30 03:29:54 +0000"
    },
    "done": true
  },
  "minecraft:recipes/combat/crossbow": {
    "criteria": {
      "has_iron_ingot": "2025-01-30 03:29:54 +0000"
    },
    "done": true
  },
  "minecraft:recipes/decorations/smithing_table": {
    "criteria": {
      "has_iron_ingot": "2025-01-30 03:29:54 +0000"
    },
    "done": true
  },
  "minecraft:recipes/redstone/iron_door": {
    "criteria": {
      "has_iron_ingot": "2025-01-30 03:29:54 +0000"
    },
    "done": true
  },
  "minecraft:recipes/redstone/heavy_weighted_pressure_plate": {
    "criteria": {
      "has_iron_ingot": "2025-01-30 03:29:54 +0000"
    },
    "done": true
  },
  "minecraft:recipes/misc/iron_nugget_from_smelting": {
    "criteria": {
      "has_iron_pickaxe": "2025-01-30 03:29:59 +0000"
    },
    "done": true
  },
  "minecraft:story/iron_tools": {
    "criteria": {
      "iron_pickaxe": "2025-01-30 03:29:59 +0000"
    },
    "done": true
  },
  "minecraft:recipes/misc/iron_nugget_from_blasting": {
    "criteria": {
      "has_iron_pickaxe": "2025-01-30 03:29:59 +0000"
    },
    "done": true
  },
  "minecraft:story/obtain_armor": {
    "criteria": {
      "iron_helmet": "2025-01-30 03:30:15 +0000"
    },
    "done": true
  },
  "minecraft:recipes/building_blocks/granite_stairs": {
    "criteria": {
      "has_granite": "2025-01-30 03:31:23 +0000"
    },
    "done": true
  },
  "minecraft:recipes/building_blocks/granite_stairs_from_granite_stonecutting": {
    "criteria": {
      "has_granite": "2025-01-30 03:31:23 +0000"
    },
    "done": true
  },
  "minecraft:recipes/decorations/granite_wall": {
    "criteria": {
      "has_granite": "2025-01-30 03:31:23 +0000"
    },
    "done": true
  },
  "minecraft:recipes/building_blocks/polished_granite_slab_from_granite_stonecutting": {
    "criteria": {
      "has_granite": "2025-01-30 03:31:23 +0000"
    },
    "done": true
  },
  "minecraft:recipes/building_blocks/granite_slab_from_granite_stonecutting": {
    "criteria": {
      "has_granite": "2025-01-30 03:31:23 +0000"
    },
    "done": true
  },
  "minecraft:recipes/building_blocks/polished_granite": {
    "criteria": {
      "has_granite": "2025-01-30 03:31:23 +0000"
    },
    "done": true
  },
  "minecraft:recipes/decorations/granite_wall_from_granite_stonecutting": {
    "criteria": {
      "has_granite": "2025-01-30 03:31:23 +0000"
    },
    "done": true
  },
  "minecraft:recipes/building_blocks/polished_granite_from_granite_stonecutting": {
    "criteria": {
      "has_granite": "2025-01-30 03:31:23 +0000"
    },
    "done": true
  },
  "minecraft:recipes/building_blocks/granite_slab": {
    "criteria": {
      "has_granite": "2025-01-30 03:31:23 +0000"
    },
    "done": true
  },
  "minecraft:recipes/building_blocks/polished_granite_stairs_from_granite_stonecutting": {
    "criteria": {
      "has_granite": "2025-01-30 03:31:23 +0000"
    },
    "done": true
  },
  "minecraft:recipes/building_blocks/diorite_stairs_from_diorite_stonecutting": {
    "criteria": {
      "has_diorite": "2025-01-30 03:31:29 +0000"
    },
    "done": true
  },
  "minecraft:recipes/building_blocks/polished_diorite": {
    "criteria": {
      "has_diorite": "2025-01-30 03:31:29 +0000"
    },
    "done": true
  },
  "minecraft:recipes/building_blocks/diorite_slab": {
    "criteria": {
      "has_diorite": "2025-01-30 03:31:29 +0000"
    },
    "done": true
  },
  "minecraft:recipes/decorations/diorite_wall_from_diorite_stonecutting": {
    "criteria": {
      "has_diorite": "2025-01-30 03:31:29 +0000"
    },
    "done": true
  },
  "minecraft:recipes/building_blocks/andesite": {
    "criteria": {
      "has_stone": "2025-01-30 03:31:29 +0000"
    },
    "done": true
  },
  "minecraft:recipes/building_blocks/polished_diorite_from_diorite_stonecutting": {
    "criteria": {
      "has_diorite": "2025-01-30 03:31:29 +0000"
    },
    "done": true
  },
  "minecraft:recipes/decorations/diorite_wall": {
    "criteria": {
      "has_diorite": "2025-01-30 03:31:29 +0000"
    },
    "done": true
  },
  "minecraft:recipes/building_blocks/diorite_slab_from_diorite_stonecutting": {
    "criteria": {
      "has_diorite": "2025-01-30 03:31:29 +0000"
    },
    "done": true
  },
  "minecraft:recipes/building_blocks/polished_diorite_slab_from_diorite_stonecutting": {
    "criteria": {
      "has_diorite": "2025-01-30 03:31:29 +0000"
    },
    "done": true
  },
  "minecraft:recipes/building_blocks/polished_diorite_stairs_from_diorite_stonecutting": {
    "criteria": {
      "has_diorite": "2025-01-30 03:31:29 +0000"
    },
    "done": true
  },
  "minecraft:recipes/building_blocks/diorite_stairs": {
    "criteria": {
      "has_diorite": "2025-01-30 03:31:29 +0000"
    },
    "done": true
  },
  "minecraft:recipes/building_blocks/andesite_stairs_from_andesite_stonecutting": {
    "criteria": {
      "has_andesite": "2025-01-30 03:31:59 +0000"
    },
    "done": true
  },
  "minecraft:recipes/building_blocks/andesite_stairs": {
    "criteria": {
      "has_andesite": "2025-01-30 03:31:59 +0000"
    },
    "done": true
  },
  "minecraft:recipes/building_blocks/polished_andesite_from_andesite_stonecutting": {
    "criteria": {
      "has_andesite": "2025-01-30 03:31:59 +0000"
    },
    "done": true
  },
  "minecraft:recipes/building_blocks/polished_andesite": {
    "criteria": {
      "has_andesite": "2025-01-30 03:31:59 +0000"
    },
    "done": true
  },
  "minecraft:recipes/decorations/andesite_wall_from_andesite_stonecutting": {
    "criteria": {
      "has_andesite": "2025-01-30 03:31:59 +0000"
    },
    "done": true
  },
  "minecraft:recipes/building_blocks/polished_andesite_slab_from_andesite_stonecutting": {
    "criteria": {
      "has_andesite": "2025-01-30 03:31:59 +0000"
    },
    "done": true
  },
  "minecraft:recipes/decorations/andesite_wall": {
    "criteria": {
      "has_andesite": "2025-01-30 03:31:59 +0000"
    },
    "done": true
  },
  "minecraft:recipes/building_blocks/andesite_slab": {
    "criteria": {
      "has_andesite": "2025-01-30 03:31:59 +0000"
    },
    "done": true
  },
  "minecraft:recipes/building_blocks/polished_andesite_stairs_from_andesite_stonecutting": {
    "criteria": {
      "has_andesite": "2025-01-30 03:31:59 +0000"
    },
    "done": true
  },
  "minecraft:recipes/building_blocks/andesite_slab_from_andesite_stonecutting": {
    "criteria": {
      "has_andesite": "2025-01-30 03:31:59 +0000"
    },
    "done": true
  },
  "minecraft:recipes/building_blocks/polished_deepslate": {
    "criteria": {
      "has_cobbled_deepslate": "2025-01-30 03:32:53 +0000"
    },
    "done": true
  },
  "minecraft:recipes/building_blocks/deepslate_tile_stairs_from_cobbled_deepslate_stonecutting": {
    "criteria": {
      "has_cobbled_deepslate": "2025-01-30 03:32:53 +0000"
    },
    "done": true
  },
  "minecraft:recipes/decorations/deepslate_brick_wall_from_cobbled_deepslate_stonecutting": {
    "criteria": {
      "has_cobbled_deepslate": "2025-01-30 03:32:53 +0000"
    },
    "done": true
  },
  "minecraft:recipes/building_blocks/polished_deepslate_from_cobbled_deepslate_stonecutting": {
    "criteria": {
      "has_cobbled_deepslate": "2025-01-30 03:32:53 +0000"
    },
    "done": true
  },
  "minecraft:recipes/building_blocks/polished_deepslate_slab_from_cobbled_deepslate_stonecutting": {
    "criteria": {
      "has_cobbled_deepslate": "2025-01-30 03:32:53 +0000"
    },
    "done": true
  },
  "minecraft:recipes/building_blocks/deepslate_brick_stairs_from_cobbled_deepslate_stonecutting": {
    "criteria": {
      "has_cobbled_deepslate": "2025-01-30 03:32:53 +0000"
    },
    "done": true
  },
  "minecraft:recipes/building_blocks/deepslate_brick_slab_from_cobbled_deepslate_stonecutting": {
    "criteria": {
      "has_cobbled_deepslate": "2025-01-30 03:32:53 +0000"
    },
    "done": true
  },
  "minecraft:recipes/building_blocks/cobbled_deepslate_slab_from_cobbled_deepslate_stonecutting": {
    "criteria": {
      "has_cobbled_deepslate": "2025-01-30 03:32:53 +0000"
    },
    "done": true
  },
  "minecraft:recipes/building_blocks/deepslate_tile_slab_from_cobbled_deepslate_stonecutting": {
    "criteria": {
      "has_cobbled_deepslate": "2025-01-30 03:32:53 +0000"
    },
    "done": true
  },
  "minecraft:recipes/building_blocks/cobbled_deepslate_stairs": {
    "criteria": {
      "has_cobbled_deepslate": "2025-01-30 03:32:53 +0000"
    },
    "done": true
  },
  "minecraft:recipes/building_blocks/chiseled_deepslate_from_cobbled_deepslate_stonecutting": {
    "criteria": {
      "has_cobbled_deepslate": "2025-01-30 03:32:53 +0000"
    },
    "done": true
  },
  "minecraft:recipes/building_blocks/cobbled_deepslate_slab": {
    "criteria": {
      "has_cobbled_deepslate": "2025-01-30 03:32:53 +0000"
    },
    "done": true
  },
  "minecraft:recipes/decorations/cobbled_deepslate_wall_from_cobbled_deepslate_stonecutting": {
    "criteria": {
      "has_cobbled_deepslate": "2025-01-30 03:32:53 +0000"
    },
    "done": true
  },
  "minecraft:recipes/decorations/deepslate_tile_wall_from_cobbled_deepslate_stonecutting": {
    "criteria": {
      "has_cobbled_deepslate": "2025-01-30 03:32:53 +0000"
    },
    "done": true
  },
  "minecraft:recipes/decorations/cobbled_deepslate_wall": {
    "criteria": {
      "has_cobbled_deepslate": "2025-01-30 03:32:53 +0000"
    },
    "done": true
  },
  "minecraft:recipes/decorations/polished_deepslate_wall_from_cobbled_deepslate_stonecutting": {
    "criteria": {
      "has_cobbled_deepslate": "2025-01-30 03:32:53 +0000"
    },
    "done": true
  },
  "minecraft:recipes/building_blocks/deepslate_bricks_from_cobbled_deepslate_stonecutting": {
    "criteria": {
      "has_cobbled_deepslate": "2025-01-30 03:32:53 +0000"
    },
    "done": true
  },
  "minecraft:recipes/building_blocks/deepslate_tiles_from_cobbled_deepslate_stonecutting": {
    "criteria": {
      "has_cobbled_deepslate": "2025-01-30 03:32:53 +0000"
    },
    "done": true
  },
  "minecraft:recipes/building_blocks/cobbled_deepslate_stairs_from_cobbled_deepslate_stonecutting": {
    "criteria": {
      "has_cobbled_deepslate": "2025-01-30 03:32:53 +0000"
    },
    "done": true
  },
  "minecraft:recipes/building_blocks/deepslate": {
    "criteria": {
      "has_cobbled_deepslate": "2025-01-30 03:32:53 +0000"
    },
    "done": true
  },
  "minecraft:recipes/building_blocks/polished_deepslate_stairs_from_cobbled_deepslate_stonecutting": {
    "criteria": {
      "has_cobbled_deepslate": "2025-01-30 03:32:53 +0000"
    },
    "done": true
  },
  "minecraft:recipes/combat/diamond_leggings": {
    "criteria": {
      "has_diamond": "2025-01-30 03:33:09 +0000"
    },
    "done": true
  },
  "minecraft:recipes/combat/diamond_sword": {
    "criteria": {
      "has_diamond": "2025-01-30 03:33:09 +0000"
    },
    "done": true
  },
  "minecraft:recipes/decorations/jukebox": {
    "criteria": {
      "has_diamond": "2025-01-30 03:33:09 +0000"
    },
    "done": true
  },
  "minecraft:recipes/combat/diamond_chestplate": {
    "criteria": {
      "has_diamond": "2025-01-30 03:33:09 +0000"
    },
    "done": true
  },
  "minecraft:recipes/combat/diamond_helmet": {
    "criteria": {
      "has_diamond": "2025-01-30 03:33:09 +0000"
    },
    "done": true
  },
  "minecraft:recipes/tools/diamond_pickaxe": {
    "criteria": {
      "has_diamond": "2025-01-30 03:33:09 +0000"
    },
    "done": true
  },
  "minecraft:recipes/building_blocks/diamond_block": {
    "criteria": {
      "has_diamond": "2025-01-30 03:33:09 +0000"
    },
    "done": true
  },
  "minecraft:recipes/tools/diamond_hoe": {
    "criteria": {
      "has_diamond": "2025-01-30 03:33:09 +0000"
    },
    "done": true
  },
  "minecraft:recipes/tools/diamond_shovel": {
    "criteria": {
      "has_diamond": "2025-01-30 03:33:09 +0000"
    },
    "done": true
  },
  "minecraft:story/mine_diamond": {
    "criteria": {
      "diamond": "2025-01-30 03:33:09 +0000"
    },
    "done": true
  },
  "minecraft:recipes/tools/diamond_axe": {
    "criteria": {
      "has_diamond": "2025-01-30 03:33:09 +0000"
    },
    "done": true
  },
  "minecraft:recipes/combat/diamond_boots": {
    "criteria": {
      "has_diamond": "2025-01-30 03:33:09 +0000"
    },
    "done": true
  },
  "minecraft:recipes/building_blocks/chiseled_tuff_bricks_from_tuff_stonecutting": {
    "criteria": {
      "has_tuff": "2025-01-30 03:35:48 +0000"
    },
    "done": true
  },
  "minecraft:recipes/building_blocks/tuff_bricks_from_tuff_stonecutting": {
    "criteria": {
      "has_tuff": "2025-01-30 03:35:48 +0000"
    },
    "done": true
  },
  "minecraft:recipes/building_blocks/tuff_slab": {
    "criteria": {
      "has_tuff": "2025-01-30 03:35:48 +0000"
    },
    "done": true
  },
  "minecraft:recipes/building_blocks/tuff_brick_slab_from_tuff_stonecutting": {
    "criteria": {
      "has_tuff": "2025-01-30 03:35:48 +0000"
    },
    "done": true
  },
  "minecraft:recipes/decorations/polished_tuff_wall_from_tuff_stonecutting": {
    "criteria": {
      "has_tuff": "2025-01-30 03:35:48 +0000"
    },
    "done": true
  },
  "minecraft:recipes/decorations/tuff_wall": {
    "criteria": {
      "has_tuff": "2025-01-30 03:35:48 +0000"
    },
    "done": true
  },
  "minecraft:recipes/building_blocks/polished_tuff_slab_from_tuff_stonecutting": {
    "criteria": {
      "has_tuff": "2025-01-30 03:35:48 +0000"
    },
    "done": true
  },
  "minecraft:recipes/decorations/tuff_wall_from_tuff_stonecutting": {
    "criteria": {
      "has_tuff": "2025-01-30 03:35:48 +0000"
    },
    "done": true
  },
  "minecraft:recipes/building_blocks/tuff_stairs": {
    "criteria": {
      "has_tuff": "2025-01-30 03:35:48 +0000"
    },
    "done": true
  },
  "minecraft:recipes/decorations/tuff_brick_wall_from_tuff_stonecutting": {
    "criteria": {
      "has_tuff": "2025-01-30 03:35:48 +0000"
    },
    "done": true
  },
  "minecraft:recipes/building_blocks/chiseled_tuff_from_tuff_stonecutting": {
    "criteria": {
      "has_tuff": "2025-01-30 03:35:48 +0000"
    },
    "done": true
  },
  "minecraft:recipes/building_blocks/polished_tuff_stairs_from_tuff_stonecutting": {
    "criteria": {
      "has_tuff": "2025-01-30 03:35:48 +0000"
    },
    "done": true
  },
  "minecraft:recipes/building_blocks/tuff_stairs_from_tuff_stonecutting": {
    "criteria": {
      "has_tuff": "2025-01-30 03:35:48 +0000"
    },
    "done": true
  },
  "minecraft:recipes/building_blocks/tuff_brick_stairs_from_tuff_stonecutting": {
    "criteria": {
      "has_tuff": "2025-01-30 03:35:48 +0000"
    },
    "done": true
  },
  "minecraft:recipes/building_blocks/polished_tuff": {
    "criteria": {
      "has_tuff": "2025-01-30 03:35:48 +0000"
    },
    "done": true
  },
  "minecraft:recipes/building_blocks/tuff_slab_from_tuff_stonecutting": {
    "criteria": {
      "has_tuff": "2025-01-30 03:35:48 +0000"
    },
    "done": true
  },
  "minecraft:recipes/building_blocks/polished_tuff_from_tuff_stonecutting": {
    "criteria": {
      "has_tuff": "2025-01-30 03:35:48 +0000"
    },
    "done": true
  },
  "minecraft:recipes/building_blocks/lime_concrete_powder": {
    "criteria": {
      "has_gravel": "2025-01-30 03:40:08 +0000"
    },
    "done": true
  },
  "minecraft:recipes/building_blocks/coarse_dirt": {
    "criteria": {
      "has_gravel": "2025-01-30 03:40:08 +0000"
    },
    "done": true
  },
  "minecraft:recipes/building_blocks/light_gray_concrete_powder": {
    "criteria": {
      "has_gravel": "2025-01-30 03:40:08 +0000"
    },
    "done": true
  },
  "minecraft:recipes/building_blocks/pink_concrete_powder": {
    "criteria": {
      "has_gravel": "2025-01-30 03:40:08 +0000"
    },
    "done": true
  },
  "minecraft:recipes/building_blocks/orange_concrete_powder": {
    "criteria": {
      "has_gravel": "2025-01-30 03:40:08 +0000"
    },
    "done": true
  },
  "minecraft:recipes/building_blocks/red_concrete_powder": {
    "criteria": {
      "has_gravel": "2025-01-30 03:40:08 +0000"
    },
    "done": true
  },
  "minecraft:recipes/building_blocks/magenta_concrete_powder": {
    "criteria": {
      "has_gravel": "2025-01-30 03:40:08 +0000"
    },
    "done": true
  },
  "minecraft:recipes/building_blocks/brown_concrete_powder": {
    "criteria": {
      "has_gravel": "2025-01-30 03:40:08 +0000"
    },
    "done": true
  },
  "minecraft:recipes/building_blocks/light_blue_concrete_powder": {
    "criteria": {
      "has_gravel": "2025-01-30 03:40:08 +0000"
    },
    "done": true
  },
  "minecraft:recipes/building_blocks/green_concrete_powder": {
    "criteria": {
      "has_gravel": "2025-01-30 03:40:08 +0000"
    },
    "done": true
  },
  "minecraft:recipes/building_blocks/blue_concrete_powder": {
    "criteria": {
      "has_gravel": "2025-01-30 03:40:08 +0000"
    },
    "done": true
  },
  "minecraft:recipes/building_blocks/yellow_concrete_powder": {
    "criteria": {
      "has_gravel": "2025-01-30 03:40:08 +0000"
    },
    "done": true
  },
  "minecraft:recipes/building_blocks/white_concrete_powder": {
    "criteria": {
      "has_gravel": "2025-01-30 03:40:08 +0000"
    },
    "done": true
  },
  "minecraft:recipes/building_blocks/gray_concrete_powder": {
    "criteria": {
      "has_gravel": "2025-01-30 03:40:08 +0000"
    },
    "done": true
  },
  "minecraft:recipes/building_blocks/black_concrete_powder": {
    "criteria": {
      "has_gravel": "2025-01-30 03:40:08 +0000"
    },
    "done": true
  },
  "minecraft:recipes/building_blocks/purple_concrete_powder": {
    "criteria": {
      "has_gravel": "2025-01-30 03:40:08 +0000"
    },
    "done": true
  },
  "minecraft:recipes/building_blocks/cyan_concrete_powder": {
    "criteria": {
      "has_gravel": "2025-01-30 03:40:08 +0000"
    },
    "done": true
  },
  "minecraft:story/shiny_gear": {
    "criteria": {
      "diamond_leggings": "2025-01-30 03:54:18 +0000"
    },
    "done": true
  },
  "minecraft:recipes/building_blocks/emerald_block": {
    "criteria": {
      "has_emerald": "2025-01-31 02:20:35 +0000"
    },
    "done": true
  },
  "minecraft:recipes/decorations/blast_furnace": {
    "criteria": {
      "has_smooth_stone": "2025-01-31 02:24:09 +0000"
    },
    "done": true
  },
  "minecraft:recipes/building_blocks/smooth_stone_slab": {
    "criteria": {
      "has_smooth_stone": "2025-01-31 02:24:09 +0000"
    },
    "done": true
  },
  "minecraft:recipes/building_blocks/smooth_stone_slab_from_smooth_stone_stonecutting": {
    "criteria": {
      "has_smooth_stone": "2025-01-31 02:24:09 +0000"
    },
    "done": true
  },
  "minecraft:recipes/decorations/brick_wall": {
    "criteria": {
      "has_bricks": "2025-01-31 02:26:10 +0000"
    },
    "done": true
  },
  "minecraft:recipes/building_blocks/brick_stairs": {
    "criteria": {
      "has_bricks": "2025-01-31 02:26:10 +0000"
    },
    "done": true
  },
  "minecraft:recipes/building_blocks/brick_slab": {
    "criteria": {
      "has_bricks": "2025-01-31 02:26:10 +0000"
    },
    "done": true
  },
  "minecraft:recipes/building_blocks/brick_slab_from_bricks_stonecutting": {
    "criteria": {
      "has_bricks": "2025-01-31 02:26:10 +0000"
    },
    "done": true
  },
  "minecraft:recipes/building_blocks/brick_stairs_from_bricks_stonecutting": {
    "criteria": {
      "has_bricks": "2025-01-31 02:26:10 +0000"
    },
    "done": true
  },
  "minecraft:recipes/decorations/brick_wall_from_bricks_stonecutting": {
    "criteria": {
      "has_bricks": "2025-01-31 02:26:10 +0000"
    },
    "done": true
  },
  "minecraft:recipes/decorations/mossy_cobblestone_wall": {
    "criteria": {
      "has_mossy_cobblestone": "2025-01-31 02:26:46 +0000"
    },
    "done": true
  },
  "minecraft:recipes/building_blocks/mossy_cobblestone_slab_from_mossy_cobblestone_stonecutting": {
    "criteria": {
      "has_mossy_cobblestone": "2025-01-31 02:26:46 +0000"
    },
    "done": true
  },
  "minecraft:recipes/building_blocks/mossy_cobblestone_stairs_from_mossy_cobblestone_stonecutting": {
    "criteria": {
      "has_mossy_cobblestone": "2025-01-31 02:26:46 +0000"
    },
    "done": true
  },
  "minecraft:recipes/decorations/mossy_cobblestone_wall_from_mossy_cobblestone_stonecutting": {
    "criteria": {
      "has_mossy_cobblestone": "2025-01-31 02:26:46 +0000"
    },
    "done": true
  },
  "minecraft:recipes/building_blocks/mossy_cobblestone_slab": {
    "criteria": {
      "has_mossy_cobblestone": "2025-01-31 02:26:46 +0000"
    },
    "done": true
  },
  "minecraft:recipes/building_blocks/mossy_cobblestone_stairs": {
    "criteria": {
      "has_mossy_cobblestone": "2025-01-31 02:26:46 +0000"
    },
    "done": true
  },
  "minecraft:recipes/misc/red_dye_from_poppy": {
    "criteria": {
      "has_poppy": "2025-01-31 02:29:15 +0000"
    },
    "done": true
  },
  "minecraft:recipes/food/cake": {
    "criteria": {
      "has_egg": "2025-01-31 02:29:18 +0000"
    },
    "done": true
  },
  "minecraft:recipes/combat/bow": {
    "criteria": {
      "has_string": "2025-01-31 02:29:18 +0000"
    },
    "done": true
  },
  "minecraft:recipes/tools/fishing_rod": {
    "criteria": {
      "has_string": "2025-01-31 02:29:18 +0000"
    },
    "done": true
  },
  "minecraft:recipes/building_blocks/white_wool_from_string": {
    "criteria": {
      "has_string": "2025-01-31 02:29:18 +0000"
    },
    "done": true
  },
  "minecraft:recipes/redstone/tripwire_hook": {
    "criteria": {
      "has_string": "2025-01-31 02:29:18 +0000"
    },
    "done": true
  },
  "minecraft:recipes/decorations/candle": {
    "criteria": {
      "has_string": "2025-01-31 02:29:18 +0000"
    },
    "done": true
  },
  "minecraft:recipes/decorations/loom": {
    "criteria": {
      "has_string": "2025-01-31 02:29:18 +0000"
    },
    "done": true
  },
  "minecraft:recipes/misc/brown_dye": {
    "criteria": {
      "has_cocoa_beans": "2025-01-31 02:30:03 +0000"
    },
    "done": true
  },
  "minecraft:recipes/decorations/white_banner": {
    "criteria": {
      "has_white_wool": "2025-01-31 02:30:03 +0000"
    },
    "done": true
  },
  "minecraft:recipes/redstone/redstone_torch": {
    "criteria": {
      "has_redstone": "2025-01-31 02:30:03 +0000"
    },
    "done": true
  },
  "minecraft:recipes/tools/clock": {
    "criteria": {
      "has_redstone": "2025-01-31 02:30:03 +0000"
    },
    "done": true
  },
  "minecraft:recipes/decorations/painting": {
    "criteria": {
      "has_wool": "2025-01-31 02:30:03 +0000"
    },
    "done": true
  },
  "minecraft:recipes/redstone/dropper": {
    "criteria": {
      "has_redstone": "2025-01-31 02:30:03 +0000"
    },
    "done": true
  },
  "minecraft:recipes/redstone/redstone_block": {
    "criteria": {
      "has_redstone": "2025-01-31 02:30:03 +0000"
    },
    "done": true
  },
  "minecraft:recipes/food/cookie": {
    "criteria": {
      "has_cocoa": "2025-01-31 02:30:03 +0000"
    },
    "done": true
  },
  "minecraft:recipes/decorations/white_bed": {
    "criteria": {
      "has_white_wool": "2025-01-31 02:30:03 +0000"
    },
    "done": true
  },
  "minecraft:recipes/misc/green_dye": {
    "criteria": {
      "has_cactus": "2025-01-31 02:30:03 +0000"
    },
    "done": true
  },
  "minecraft:recipes/misc/firework_rocket_simple": {
    "criteria": {
      "has_gunpowder": "2025-01-31 02:30:03 +0000"
    },
    "done": true
  },
  "minecraft:recipes/redstone/note_block": {
    "criteria": {
      "has_redstone": "2025-01-31 02:30:03 +0000"
    },
    "done": true
  },
  "minecraft:recipes/redstone/tnt": {
    "criteria": {
      "has_gunpowder": "2025-01-31 02:30:03 +0000"
    },
    "done": true
  },
  "minecraft:recipes/redstone/target": {
    "criteria": {
      "has_redstone": "2025-01-31 02:30:03 +0000"
    },
    "done": true
  },
  "minecraft:recipes/decorations/white_carpet": {
    "criteria": {
      "has_white_wool": "2025-01-31 02:30:03 +0000"
    },
    "done": true
  },
  "minecraft:recipes/tools/compass": {
    "criteria": {
      "has_redstone": "2025-01-31 02:30:03 +0000"
    },
    "done": true
  },
  "minecraft:recipes/redstone/piston": {
    "criteria": {
      "has_redstone": "2025-01-31 02:30:03 +0000"
    },
    "done": true
  },
  "minecraft:adventure/kill_all_mobs": {
    "criteria": {
      "minecraft:blaze": "2025-02-02 20:46:34 +0000",
      "minecraft:pillager": "2025-02-05 04:06:07 +0000",
      "minecraft:skeleton": "2025-01-31 03:37:52 +0000",
      "minecraft:zombified_piglin": "2025-02-02 20:13:05 +0000",
      "minecraft:witch": "2025-02-04 21:36:05 +0000",
      "minecraft:wither_skeleton": "2025-02-02 23:20:24 +0000",
      "minecraft:ravager": "2025-02-05 04:09:19 +0000",
      "minecraft:bogged": "2025-02-05 15:37:52 +0000",
      "minecraft:ghast": "2025-02-05 22:56:43 +0000",
      "minecraft:hoglin": "2025-02-05 23:00:32 +0000",
      "minecraft:piglin": "2025-02-05 22:41:56 +0000",
      "minecraft:vindicator": "2025-02-05 04:06:19 +0000",
      "minecraft:breeze": "2025-02-05 15:40:54 +0000",
      "minecraft:enderman": "2025-02-05 15:14:05 +0000",
      "minecraft:silverfish": "2025-02-05 15:36:40 +0000",
      "minecraft:magma_cube": "2025-02-05 22:54:25 +0000",
      "minecraft:spider": "2025-01-31 03:28:09 +0000",
      "minecraft:zombie": "2025-01-31 02:31:29 +0000",
      "minecraft:creeper": "2025-02-02 21:06:42 +0000",
      "minecraft:drowned": "2025-02-05 03:52:39 +0000",
      "minecraft:wither": "2025-02-02 20:43:55 +0000",
      "minecraft:zombie_villager": "2025-01-31 02:34:04 +0000",
      "minecraft:evoker": "2025-02-05 04:12:13 +0000",
      "minecraft:slime": "2025-02-05 15:32:26 +0000"
    },
    "done": false
  },
  "minecraft:adventure/kill_a_mob": {
    "criteria": {
      "minecraft:zombie": "2025-01-31 02:31:29 +0000"
    },
    "done": true
  },
  "minecraft:recipes/transportation/carrot_on_a_stick": {
    "criteria": {
      "has_carrot": "2025-01-31 02:31:31 +0000"
    },
    "done": true
  },
  "minecraft:recipes/decorations/composter": {
    "criteria": {
      "has_wood_slab": "2025-01-31 02:37:33 +0000"
    },
    "done": true
  },
  "minecraft:recipes/misc/bone_meal": {
    "criteria": {
      "has_bone": "2025-01-31 02:37:34 +0000"
    },
    "done": true
  },
  "minecraft:recipes/misc/yellow_dye_from_dandelion": {
    "criteria": {
      "has_dandelion": "2025-01-31 02:40:57 +0000"
    },
    "done": true
  },
  "minecraft:recipes/misc/red_dye_from_beetroot": {
    "criteria": {
      "has_beetroot": "2025-01-31 02:44:35 +0000"
    },
    "done": true
  },
  "minecraft:recipes/food/beetroot_soup": {
    "criteria": {
      "has_beetroot": "2025-01-31 02:44:35 +0000"
    },
    "done": true
  },
  "minecraft:adventure/trade": {
    "criteria": {
      "traded": "2025-01-31 02:45:43 +0000"
    },
    "done": true
  },
  "minecraft:recipes/misc/sugar_from_sugar_cane": {
    "criteria": {
      "has_sugar_cane": "2025-01-31 02:58:53 +0000"
    },
    "done": true
  },
  "minecraft:recipes/misc/paper": {
    "criteria": {
      "has_reeds": "2025-01-31 02:58:53 +0000"
    },
    "done": true
  },
  "minecraft:recipes/brewing/fermented_spider_eye": {
    "criteria": {
      "has_spider_eye": "2025-01-31 03:08:39 +0000"
    },
    "done": true
  },
  "minecraft:recipes/misc/stick_from_bamboo_item": {
    "criteria": {
      "has_bamboo": "2025-01-31 03:10:58 +0000"
    },
    "done": true
  },
  "minecraft:recipes/building_blocks/bamboo_block": {
    "criteria": {
      "has_bamboo": "2025-01-31 03:10:58 +0000"
    },
    "done": true
  },
  "minecraft:recipes/decorations/scaffolding": {
    "criteria": {
      "has_bamboo": "2025-01-31 03:10:58 +0000"
    },
    "done": true
  },
  "minecraft:recipes/misc/black_dye": {
    "criteria": {
      "has_ink_sac": "2025-01-31 03:19:34 +0000"
    },
    "done": true
  },
  "minecraft:recipes/misc/book": {
    "criteria": {
      "has_paper": "2025-01-31 03:24:05 +0000"
    },
    "done": true
  },
  "minecraft:recipes/decorations/cartography_table": {
    "criteria": {
      "has_paper": "2025-01-31 03:24:05 +0000"
    },
    "done": true
  },
  "minecraft:recipes/building_blocks/stripped_oak_wood": {
    "criteria": {
      "has_log": "2025-01-31 03:29:01 +0000"
    },
    "done": true
  },
  "minecraft:recipes/decorations/oak_hanging_sign": {
    "criteria": {
      "has_stripped_logs": "2025-01-31 03:29:01 +0000"
    },
    "done": true
  },
  "minecraft:recipes/combat/wolf_armor": {
    "criteria": {
      "has_armadillo_scute": "2025-01-31 03:32:53 +0000"
    },
    "done": true
  },
  "minecraft:recipes/building_blocks/dye_red_bed": {
    "criteria": {
      "has_needed_dye": "2025-01-31 03:33:15 +0000"
    },
    "done": true
  },
  "minecraft:recipes/building_blocks/dye_red_wool": {
    "criteria": {
      "has_needed_dye": "2025-01-31 03:33:15 +0000"
    },
    "done": true
  },
  "minecraft:recipes/misc/purple_dye": {
    "criteria": {
      "has_red_dye": "2025-01-31 03:33:15 +0000"
    },
    "done": true
  },
  "minecraft:recipes/misc/orange_dye_from_red_yellow": {
    "criteria": {
      "has_red_dye": "2025-01-31 03:33:15 +0000"
    },
    "done": true
  },
  "minecraft:recipes/decorations/red_candle": {
    "criteria": {
      "has_red_dye": "2025-01-31 03:33:15 +0000"
    },
    "done": true
  },
  "minecraft:recipes/misc/magenta_dye_from_blue_red_pink": {
    "criteria": {
      "has_red_dye": "2025-01-31 03:33:15 +0000"
    },
    "done": true
  },
  "minecraft:recipes/decorations/red_stained_glass_pane_from_glass_pane": {
    "criteria": {
      "has_red_dye": "2025-01-31 03:33:15 +0000"
    },
    "done": true
  },
  "minecraft:recipes/misc/pink_dye_from_red_white_dye": {
    "criteria": {
      "has_red_dye": "2025-01-31 03:33:15 +0000"
    },
    "done": true
  },
  "minecraft:recipes/building_blocks/dye_red_carpet": {
    "criteria": {
      "has_needed_dye": "2025-01-31 03:33:15 +0000"
    },
    "done": true
  },
  "minecraft:recipes/misc/magenta_dye_from_blue_red_white_dye": {
    "criteria": {
      "has_rose_red": "2025-01-31 03:33:15 +0000"
    },
    "done": true
  },
  "minecraft:story/deflect_arrow": {
    "criteria": {
      "deflected_projectile": "2025-01-31 03:37:49 +0000"
    },
    "done": true
  },
  "minecraft:recipes/misc/blue_dye": {
    "criteria": {
      "has_lapis_lazuli": "2025-01-31 03:40:15 +0000"
    },
    "done": true
  },
  "minecraft:recipes/building_blocks/lapis_block": {
    "criteria": {
      "has_lapis_lazuli": "2025-01-31 03:40:15 +0000"
    },
    "done": true
  },
  "minecraft:adventure/avoid_vibration": {
    "criteria": {
      "avoid_vibration": "2025-01-31 03:48:21 +0000"
    },
    "done": true
  },
  "minecraft:recipes/decorations/glow_item_frame": {
    "criteria": {
      "has_glow_ink_sac": "2025-01-31 03:53:27 +0000"
    },
    "done": true
  },
  "minecraft:recipes/misc/copper_ingot_from_blasting_raw_copper": {
    "criteria": {
      "has_raw_copper": "2025-02-01 01:51:50 +0000"
    },
    "done": true
  },
  "minecraft:recipes/building_blocks/raw_copper_block": {
    "criteria": {
      "has_raw_copper": "2025-02-01 01:51:50 +0000"
    },
    "done": true
  },
  "minecraft:recipes/misc/copper_ingot_from_smelting_raw_copper": {
    "criteria": {
      "has_raw_copper": "2025-02-01 01:51:50 +0000"
    },
    "done": true
  },
  "minecraft:recipes/transportation/dark_oak_chest_boat": {
    "criteria": {
      "has_boat": "2025-02-01 01:55:48 +0000"
    },
    "done": true
  },
  "minecraft:recipes/transportation/bamboo_chest_raft": {
    "criteria": {
      "has_boat": "2025-02-01 01:55:48 +0000"
    },
    "done": true
  },
  "minecraft:recipes/transportation/spruce_chest_boat": {
    "criteria": {
      "has_boat": "2025-02-01 01:55:48 +0000"
    },
    "done": true
  },
  "minecraft:recipes/transportation/jungle_chest_boat": {
    "criteria": {
      "has_boat": "2025-02-01 01:55:48 +0000"
    },
    "done": true
  },
  "minecraft:recipes/transportation/acacia_chest_boat": {
    "criteria": {
      "has_boat": "2025-02-01 01:55:48 +0000"
    },
    "done": true
  },
  "minecraft:recipes/transportation/mangrove_chest_boat": {
    "criteria": {
      "has_boat": "2025-02-01 01:55:48 +0000"
    },
    "done": true
  },
  "minecraft:recipes/transportation/oak_chest_boat": {
    "criteria": {
      "has_boat": "2025-02-01 01:55:48 +0000"
    },
    "done": true
  },
  "minecraft:recipes/transportation/cherry_chest_boat": {
    "criteria": {
      "has_boat": "2025-02-01 01:55:48 +0000"
    },
    "done": true
  },
  "minecraft:recipes/transportation/birch_chest_boat": {
    "criteria": {
      "has_boat": "2025-02-01 01:55:48 +0000"
    },
    "done": true
  },
  "minecraft:recipes/misc/light_gray_dye_from_azure_bluet": {
    "criteria": {
      "has_azure_bluet": "2025-02-01 02:21:34 +0000"
    },
    "done": true
  },
  "minecraft:recipes/tools/golden_axe": {
    "criteria": {
      "has_gold_ingot": "2025-02-01 02:24:54 +0000"
    },
    "done": true
  },
  "minecraft:recipes/tools/golden_pickaxe": {
    "criteria": {
      "has_gold_ingot": "2025-02-01 02:24:54 +0000"
    },
    "done": true
  },
  "minecraft:recipes/misc/gold_nugget": {
    "criteria": {
      "has_gold_ingot": "2025-02-01 02:24:54 +0000"
    },
    "done": true
  },
  "minecraft:recipes/tools/golden_shovel": {
    "criteria": {
      "has_gold_ingot": "2025-02-01 02:24:54 +0000"
    },
    "done": true
  },
  "minecraft:recipes/food/golden_apple": {
    "criteria": {
      "has_gold_ingot": "2025-02-01 02:24:54 +0000"
    },
    "done": true
  },
  "minecraft:recipes/misc/gold_ingot_from_blasting_raw_gold": {
    "criteria": {
      "has_the_recipe": "2025-02-01 02:24:54 +0000"
    },
    "done": true
  },
  "minecraft:recipes/combat/golden_boots": {
    "criteria": {
      "has_gold_ingot": "2025-02-01 02:24:54 +0000"
    },
    "done": true
  },
  "minecraft:recipes/combat/golden_helmet": {
    "criteria": {
      "has_gold_ingot": "2025-02-01 02:24:54 +0000"
    },
    "done": true
  },
  "minecraft:recipes/combat/golden_sword": {
    "criteria": {
      "has_gold_ingot": "2025-02-01 02:24:54 +0000"
    },
    "done": true
  },
  "minecraft:recipes/building_blocks/gold_block": {
    "criteria": {
      "has_gold_ingot": "2025-02-01 02:24:54 +0000"
    },
    "done": true
  },
  "minecraft:recipes/combat/golden_chestplate": {
    "criteria": {
      "has_gold_ingot": "2025-02-01 02:24:54 +0000"
    },
    "done": true
  },
  "minecraft:recipes/tools/golden_hoe": {
    "criteria": {
      "has_gold_ingot": "2025-02-01 02:24:54 +0000"
    },
    "done": true
  },
  "minecraft:recipes/redstone/light_weighted_pressure_plate": {
    "criteria": {
      "has_gold_ingot": "2025-02-01 02:24:54 +0000"
    },
    "done": true
  },
  "minecraft:recipes/combat/golden_leggings": {
    "criteria": {
      "has_gold_ingot": "2025-02-01 02:24:54 +0000"
    },
    "done": true
  },
  "minecraft:recipes/misc/gold_ingot_from_nuggets": {
    "criteria": {
      "has_gold_nugget": "2025-02-01 02:26:01 +0000"
    },
    "done": true
  },
  "minecraft:recipes/brewing/golden_carrot": {
    "criteria": {
      "has_gold_nugget": "2025-02-01 02:26:01 +0000"
    },
    "done": true
  },
  "minecraft:recipes/misc/flower_banner_pattern": {
    "criteria": {
      "has_oxeye_daisy": "2025-02-01 02:26:34 +0000"
    },
    "done": true
  },
  "minecraft:recipes/building_blocks/glass": {
    "criteria": {
      "has_smelts_to_glass": "2025-02-01 02:26:34 +0000"
    },
    "done": true
  },
  "minecraft:recipes/building_blocks/sandstone": {
    "criteria": {
      "has_sand": "2025-02-01 02:26:34 +0000"
    },
    "done": true
  },
  "minecraft:recipes/misc/light_gray_dye_from_oxeye_daisy": {
    "criteria": {
      "has_oxeye_daisy": "2025-02-01 02:26:34 +0000"
    },
    "done": true
  },
  "minecraft:recipes/redstone/dispenser": {
    "criteria": {
      "has_bow": "2025-02-01 02:26:36 +0000"
    },
    "done": true
  },
  "minecraft:nether/obtain_crying_obsidian": {
    "criteria": {
      "crying_obsidian": "2025-02-01 02:26:37 +0000"
    },
    "done": true
  },
  "minecraft:recipes/decorations/respawn_anchor": {
    "criteria": {
      "has_obsidian": "2025-02-01 02:26:37 +0000"
    },
    "done": true
  },
  "minecraft:recipes/building_blocks/copper_block": {
    "criteria": {
      "has_copper_ingot": "2025-02-01 02:28:05 +0000"
    },
    "done": true
  },
  "minecraft:recipes/tools/brush": {
    "criteria": {
      "has_copper_ingot": "2025-02-01 02:28:05 +0000"
    },
    "done": true
  },
  "minecraft:recipes/redstone/copper_door": {
    "criteria": {
      "has_copper_ingot": "2025-02-01 02:28:05 +0000"
    },
    "done": true
  },
  "minecraft:recipes/redstone/lightning_rod": {
    "criteria": {
      "has_copper_ingot": "2025-02-01 02:28:05 +0000"
    },
    "done": true
  },
  "minecraft:recipes/redstone/copper_trapdoor": {
    "criteria": {
      "has_copper_ingot": "2025-02-01 02:28:05 +0000"
    },
    "done": true
  },
  "minecraft:recipes/building_blocks/bookshelf": {
    "criteria": {
      "has_book": "2025-02-01 02:29:54 +0000"
    },
    "done": true
  },
  "minecraft:recipes/redstone/lectern": {
    "criteria": {
      "has_book": "2025-02-01 02:29:54 +0000"
    },
    "done": true
  },
  "minecraft:recipes/building_blocks/chiseled_bookshelf": {
    "criteria": {
      "has_book": "2025-02-01 02:29:54 +0000"
    },
    "done": true
  },
  "minecraft:recipes/misc/writable_book": {
    "criteria": {
      "has_book": "2025-02-01 02:29:54 +0000"
    },
    "done": true
  },
  "minecraft:recipes/building_blocks/jungle_wood": {
    "criteria": {
      "has_log": "2025-02-01 02:41:33 +0000"
    },
    "done": true
  },
  "minecraft:recipes/building_blocks/jungle_planks": {
    "criteria": {
      "has_logs": "2025-02-01 02:41:33 +0000"
    },
    "done": true
  },
  "minecraft:recipes/redstone/jungle_trapdoor": {
    "criteria": {
      "has_planks": "2025-02-01 02:47:54 +0000"
    },
    "done": true
  },
  "minecraft:recipes/decorations/jungle_sign": {
    "criteria": {
      "has_planks": "2025-02-01 02:47:54 +0000"
    },
    "done": true
  },
  "minecraft:recipes/redstone/jungle_door": {
    "criteria": {
      "has_planks": "2025-02-01 02:47:54 +0000"
    },
    "done": true
  },
  "minecraft:recipes/decorations/jungle_fence": {
    "criteria": {
      "has_planks": "2025-02-01 02:47:54 +0000"
    },
    "done": true
  },
  "minecraft:recipes/redstone/jungle_pressure_plate": {
    "criteria": {
      "has_planks": "2025-02-01 02:47:54 +0000"
    },
    "done": true
  },
  "minecraft:recipes/redstone/jungle_button": {
    "criteria": {
      "has_planks": "2025-02-01 02:47:54 +0000"
    },
    "done": true
  },
  "minecraft:recipes/building_blocks/jungle_slab": {
    "criteria": {
      "has_planks": "2025-02-01 02:47:54 +0000"
    },
    "done": true
  },
  "minecraft:recipes/building_blocks/jungle_stairs": {
    "criteria": {
      "has_planks": "2025-02-01 02:47:54 +0000"
    },
    "done": true
  },
  "minecraft:recipes/redstone/jungle_fence_gate": {
    "criteria": {
      "has_planks": "2025-02-01 02:47:54 +0000"
    },
    "done": true
  },
  "minecraft:recipes/building_blocks/nether_wart_block": {
    "criteria": {
      "has_nether_wart": "2025-02-01 02:48:45 +0000"
    },
    "done": true
  },
  "minecraft:recipes/building_blocks/red_nether_bricks": {
    "criteria": {
      "has_nether_wart": "2025-02-01 02:48:45 +0000"
    },
    "done": true
  },
  "minecraft:story/lava_bucket": {
    "criteria": {
      "lava_bucket": "2025-02-01 02:51:48 +0000"
    },
    "done": true
  },
  "minecraft:recipes/decorations/black_bed": {
    "criteria": {
      "has_black_wool": "2025-02-01 03:01:44 +0000"
    },
    "done": true
  },
  "minecraft:recipes/decorations/black_carpet": {
    "criteria": {
      "has_black_wool": "2025-02-01 03:01:44 +0000"
    },
    "done": true
  },
  "minecraft:recipes/decorations/black_banner": {
    "criteria": {
      "has_black_wool": "2025-02-01 03:01:44 +0000"
    },
    "done": true
  },
  "minecraft:recipes/misc/emerald": {
    "criteria": {
      "has_emerald_block": "2025-02-01 03:04:40 +0000"
    },
    "done": true
  },
  "minecraft:recipes/misc/blue_dye_from_cornflower": {
    "criteria": {
      "has_cornflower": "2025-02-01 03:31:46 +0000"
    },
    "done": true
  },
  "minecraft:recipes/misc/wheat": {
    "criteria": {
      "has_hay_block": "2025-02-01 03:40:43 +0000"
    },
    "done": true
  },
  "minecraft:story/form_obsidian": {
    "criteria": {
      "obsidian": "2025-02-01 03:56:44 +0000"
    },
    "done": true
  },
  "minecraft:recipes/decorations/enchanting_table": {
    "criteria": {
      "has_obsidian": "2025-02-01 03:56:44 +0000"
    },
    "done": true
  },
  "minecraft:recipes/brewing/cauldron": {
    "criteria": {
      "has_water_bucket": "2025-02-01 04:03:07 +0000"
    },
    "done": true
  },
  "minecraft:recipes/food/cooked_porkchop": {
    "criteria": {
      "has_porkchop": "2025-02-02 20:11:33 +0000"
    },
    "done": true
  },
  "minecraft:recipes/food/cooked_porkchop_from_campfire_cooking": {
    "criteria": {
      "has_porkchop": "2025-02-02 20:11:33 +0000"
    },
    "done": true
  },
  "minecraft:recipes/food/cooked_porkchop_from_smoking": {
    "criteria": {
      "has_porkchop": "2025-02-02 20:11:33 +0000"
    },
    "done": true
  },
  "minecraft:recipes/food/cooked_chicken_from_campfire_cooking": {
    "criteria": {
      "has_chicken": "2025-02-02 20:11:46 +0000"
    },
    "done": true
  },
  "minecraft:recipes/food/cooked_chicken": {
    "criteria": {
      "has_chicken": "2025-02-02 20:11:46 +0000"
    },
    "done": true
  },
  "minecraft:recipes/misc/white_dye": {
    "criteria": {
      "has_bone_meal": "2025-02-02 20:11:46 +0000"
    },
    "done": true
  },
  "minecraft:recipes/food/cooked_chicken_from_smoking": {
    "criteria": {
      "has_chicken": "2025-02-02 20:11:46 +0000"
    },
    "done": true
  },
  "minecraft:recipes/decorations/orange_glazed_terracotta": {
    "criteria": {
      "has_orange_terracotta": "2025-02-02 20:11:46 +0000"
    },
    "done": true
  },
  "minecraft:recipes/building_blocks/bone_block": {
    "criteria": {
      "has_bone_meal": "2025-02-02 20:11:46 +0000"
    },
    "done": true
  },
  "minecraft:recipes/misc/netherite_ingot": {
    "criteria": {
      "has_netherite_scrap": "2025-02-02 20:12:07 +0000"
    },
    "done": true
  },
  "minecraft:recipes/food/cooked_mutton_from_smoking": {
    "criteria": {
      "has_mutton": "2025-02-02 20:12:10 +0000"
    },
    "done": true
  },
  "minecraft:recipes/food/cooked_mutton": {
    "criteria": {
      "has_mutton": "2025-02-02 20:12:10 +0000"
    },
    "done": true
  },
  "minecraft:recipes/food/cooked_mutton_from_campfire_cooking": {
    "criteria": {
      "has_mutton": "2025-02-02 20:12:10 +0000"
    },
    "done": true
  },
  "minecraft:recipes/misc/melon_seeds": {
    "criteria": {
      "has_melon": "2025-02-02 20:12:40 +0000"
    },
    "done": true
  },
  "minecraft:recipes/brewing/glistering_melon_slice": {
    "criteria": {
      "has_melon": "2025-02-02 20:12:40 +0000"
    },
    "done": true
  },
  "minecraft:recipes/building_blocks/melon": {
    "criteria": {
      "has_melon": "2025-02-02 20:12:40 +0000"
    },
    "done": true
  },
  "minecraft:recipes/food/bread": {
    "criteria": {
      "has_wheat": "2025-02-02 20:12:40 +0000"
    },
    "done": true
  },
  "minecraft:recipes/building_blocks/hay_block": {
    "criteria": {
      "has_wheat": "2025-02-02 20:12:40 +0000"
    },
    "done": true
  },
  "minecraft:adventure/shoot_arrow": {
    "criteria": {
      "shot_arrow": "2025-02-02 20:19:23 +0000"
    },
    "done": true
  },
  "minecraft:recipes/misc/mojang_banner_pattern": {
    "criteria": {
      "has_enchanted_golden_apple": "2025-02-02 20:29:30 +0000"
    },
    "done": true
  },
  "minecraft:nether/explore_nether": {
    "criteria": {
      "minecraft:crimson_forest": "2025-02-02 20:41:10 +0000",
      "minecraft:nether_wastes": "2025-02-02 20:46:13 +0000",
      "minecraft:soul_sand_valley": "2025-02-02 23:30:03 +0000",
      "minecraft:warped_forest": "2025-02-05 22:32:12 +0000"
    },
    "done": false
  },
  "minecraft:nether/root": {
    "criteria": {
      "entered_nether": "2025-02-02 20:41:10 +0000"
    },
    "done": true
  },
  "minecraft:story/enter_the_nether": {
    "criteria": {
      "entered_nether": "2025-02-02 20:41:10 +0000"
    },
    "done": true
  },
  "minecraft:recipes/misc/nether_brick": {
    "criteria": {
      "has_netherrack": "2025-02-02 20:41:24 +0000"
    },
    "done": true
  },
  "minecraft:recipes/misc/beacon": {
    "criteria": {
      "has_nether_star": "2025-02-02 20:43:57 +0000"
    },
    "done": true
  },
  "minecraft:nether/find_fortress": {
    "criteria": {
      "fortress": "2025-02-02 20:45:11 +0000"
    },
    "done": true
  },
  "minecraft:nether/obtain_blaze_rod": {
    "criteria": {
      "blaze_rod": "2025-02-02 20:47:03 +0000"
    },
    "done": true
  },
  "minecraft:recipes/brewing/blaze_powder": {
    "criteria": {
      "has_blaze_rod": "2025-02-02 20:47:03 +0000"
    },
    "done": true
  },
  "minecraft:recipes/brewing/brewing_stand": {
    "criteria": {
      "has_blaze_rod": "2025-02-02 20:47:03 +0000"
    },
    "done": true
  },
  "minecraft:recipes/misc/netherite_ingot_from_netherite_block": {
    "criteria": {
      "has_netherite_block": "2025-02-02 23:08:37 +0000"
    },
    "done": true
  },
  "minecraft:recipes/decorations/soul_campfire": {
    "criteria": {
      "has_soul_sand": "2025-02-02 23:32:49 +0000"
    },
    "done": true
  },
  "minecraft:recipes/decorations/soul_torch": {
    "criteria": {
      "has_soul_sand": "2025-02-02 23:32:49 +0000"
    },
    "done": true
  },
  "minecraft:recipes/building_blocks/polished_blackstone_brick_slab": {
    "criteria": {
      "has_polished_blackstone_bricks": "2025-02-02 23:33:28 +0000"
    },
    "done": true
  },
  "minecraft:recipes/building_blocks/polished_blackstone_brick_stairs": {
    "criteria": {
      "has_polished_blackstone_bricks": "2025-02-02 23:33:28 +0000"
    },
    "done": true
  },
  "minecraft:recipes/decorations/polished_blackstone_brick_wall_from_polished_blackstone_bricks_stonecutting": {
    "criteria": {
      "has_polished_blackstone_bricks": "2025-02-02 23:33:28 +0000"
    },
    "done": true
  },
  "minecraft:recipes/building_blocks/cracked_polished_blackstone_bricks": {
    "criteria": {
      "has_polished_blackstone_bricks": "2025-02-02 23:33:28 +0000"
    },
    "done": true
  },
  "minecraft:recipes/building_blocks/polished_blackstone_brick_slab_from_polished_blackstone_bricks_stonecutting": {
    "criteria": {
      "has_polished_blackstone_bricks": "2025-02-02 23:33:28 +0000"
    },
    "done": true
  },
  "minecraft:recipes/decorations/polished_blackstone_brick_wall": {
    "criteria": {
      "has_polished_blackstone_bricks": "2025-02-02 23:33:28 +0000"
    },
    "done": true
  },
  "minecraft:recipes/building_blocks/polished_blackstone_brick_stairs_from_polished_blackstone_bricks_stonecutting": {
    "criteria": {
      "has_polished_blackstone_bricks": "2025-02-02 23:33:28 +0000"
    },
    "done": true
  },
  "minecraft:nether/find_bastion": {
    "criteria": {
      "bastion": "2025-02-02 23:33:30 +0000"
    },
    "done": true
  },
  "minecraft:recipes/building_blocks/blackstone_stairs": {
    "criteria": {
      "has_blackstone": "2025-02-02 23:33:36 +0000"
    },
    "done": true
  },
  "minecraft:recipes/building_blocks/blackstone_slab_from_blackstone_stonecutting": {
    "criteria": {
      "has_blackstone": "2025-02-02 23:33:36 +0000"
    },
    "done": true
  },
  "minecraft:recipes/decorations/polished_blackstone_brick_wall_from_blackstone_stonecutting": {
    "criteria": {
      "has_blackstone": "2025-02-02 23:33:36 +0000"
    },
    "done": true
  },
  "minecraft:recipes/building_blocks/polished_blackstone_slab_from_blackstone_stonecutting": {
    "criteria": {
      "has_blackstone": "2025-02-02 23:33:36 +0000"
    },
    "done": true
  },
  "minecraft:recipes/building_blocks/polished_blackstone": {
    "criteria": {
      "has_blackstone": "2025-02-02 23:33:36 +0000"
    },
    "done": true
  },
  "minecraft:recipes/decorations/blackstone_wall": {
    "criteria": {
      "has_blackstone": "2025-02-02 23:33:36 +0000"
    },
    "done": true
  },
  "minecraft:recipes/building_blocks/blackstone_slab": {
    "criteria": {
      "has_blackstone": "2025-02-02 23:33:36 +0000"
    },
    "done": true
  },
  "minecraft:recipes/building_blocks/polished_blackstone_brick_slab_from_blackstone_stonecutting": {
    "criteria": {
      "has_blackstone": "2025-02-02 23:33:36 +0000"
    },
    "done": true
  },
  "minecraft:recipes/building_blocks/polished_blackstone_from_blackstone_stonecutting": {
    "criteria": {
      "has_blackstone": "2025-02-02 23:33:36 +0000"
    },
    "done": true
  },
  "minecraft:recipes/building_blocks/polished_blackstone_brick_stairs_from_blackstone_stonecutting": {
    "criteria": {
      "has_blackstone": "2025-02-02 23:33:36 +0000"
    },
    "done": true
  },
  "minecraft:recipes/building_blocks/polished_blackstone_bricks_from_blackstone_stonecutting": {
    "criteria": {
      "has_blackstone": "2025-02-02 23:33:36 +0000"
    },
    "done": true
  },
  "minecraft:recipes/decorations/blackstone_wall_from_blackstone_stonecutting": {
    "criteria": {
      "has_blackstone": "2025-02-02 23:33:36 +0000"
    },
    "done": true
  },
  "minecraft:recipes/building_blocks/polished_blackstone_stairs_from_blackstone_stonecutting": {
    "criteria": {
      "has_blackstone": "2025-02-02 23:33:36 +0000"
    },
    "done": true
  },
  "minecraft:recipes/decorations/polished_blackstone_wall_from_blackstone_stonecutting": {
    "criteria": {
      "has_blackstone": "2025-02-02 23:33:36 +0000"
    },
    "done": true
  },
  "minecraft:recipes/building_blocks/chiseled_polished_blackstone_from_blackstone_stonecutting": {
    "criteria": {
      "has_blackstone": "2025-02-02 23:33:36 +0000"
    },
    "done": true
  },
  "minecraft:recipes/building_blocks/blackstone_stairs_from_blackstone_stonecutting": {
    "criteria": {
      "has_blackstone": "2025-02-02 23:33:36 +0000"
    },
    "done": true
  },
  "minecraft:nether/loot_bastion": {
    "criteria": {
      "loot_bastion_other": "2025-02-02 23:35:45 +0000"
    },
    "done": true
  },
  "minecraft:recipes/misc/gold_ingot_from_gold_block": {
    "criteria": {
      "has_gold_block": "2025-02-02 23:35:59 +0000"
    },
    "done": true
  },
  "minecraft:recipes/building_blocks/smooth_basalt": {
    "criteria": {
      "has_basalt": "2025-02-02 23:37:04 +0000"
    },
    "done": true
  },
  "minecraft:recipes/building_blocks/polished_basalt_from_basalt_stonecutting": {
    "criteria": {
      "has_basalt": "2025-02-02 23:37:04 +0000"
    },
    "done": true
  },
  "minecraft:recipes/building_blocks/polished_basalt": {
    "criteria": {
      "has_basalt": "2025-02-02 23:37:04 +0000"
    },
    "done": true
  },
  "minecraft:recipes/misc/netherite_scrap_from_blasting": {
    "criteria": {
      "has_ancient_debris": "2025-02-02 23:45:01 +0000"
    },
    "done": true
  },
  "minecraft:recipes/misc/netherite_scrap": {
    "criteria": {
      "has_ancient_debris": "2025-02-02 23:45:01 +0000"
    },
    "done": true
  },
  "minecraft:nether/obtain_ancient_debris": {
    "criteria": {
      "ancient_debris": "2025-02-02 23:45:01 +0000"
    },
    "done": true
  },
  "minecraft:recipes/misc/netherite_upgrade_smithing_template": {
    "criteria": {
      "has_netherite_upgrade_smithing_template": "2025-02-02 23:46:33 +0000"
    },
    "done": true
  },
  "minecraft:recipes/building_blocks/dripstone_block": {
    "criteria": {
      "has_pointed_dripstone": "2025-02-04 20:27:02 +0000"
    },
    "done": true
  },
  "minecraft:recipes/decorations/gray_bed": {
    "criteria": {
      "has_gray_wool": "2025-02-04 20:29:02 +0000"
    },
    "done": true
  },
  "minecraft:recipes/decorations/gray_banner": {
    "criteria": {
      "has_gray_wool": "2025-02-04 20:29:02 +0000"
    },
    "done": true
  },
  "minecraft:recipes/decorations/gray_carpet": {
    "criteria": {
      "has_gray_wool": "2025-02-04 20:29:02 +0000"
    },
    "done": true
  },
  "minecraft:adventure/kill_mob_near_sculk_catalyst": {
    "criteria": {
      "kill_mob_near_sculk_catalyst": "2025-02-04 20:32:56 +0000"
    },
    "done": true
  },
  "minecraft:recipes/decorations/yellow_banner": {
    "criteria": {
      "has_yellow_wool": "2025-02-04 20:59:06 +0000"
    },
    "done": true
  },
  "minecraft:recipes/decorations/yellow_bed": {
    "criteria": {
      "has_yellow_wool": "2025-02-04 20:59:06 +0000"
    },
    "done": true
  },
  "minecraft:recipes/decorations/yellow_carpet": {
    "criteria": {
      "has_yellow_wool": "2025-02-04 20:59:06 +0000"
    },
    "done": true
  },
  "minecraft:recipes/building_blocks/netherite_block": {
    "criteria": {
      "has_netherite_ingot": "2025-02-04 22:22:51 +0000"
    },
    "done": true
  },
  "minecraft:recipes/combat/netherite_boots_smithing": {
    "criteria": {
      "has_netherite_ingot": "2025-02-04 22:22:51 +0000"
    },
    "done": true
  },
  "minecraft:recipes/tools/netherite_shovel_smithing": {
    "criteria": {
      "has_netherite_ingot": "2025-02-04 22:22:51 +0000"
    },
    "done": true
  },
  "minecraft:recipes/combat/netherite_chestplate_smithing": {
    "criteria": {
      "has_netherite_ingot": "2025-02-04 22:22:51 +0000"
    },
    "done": true
  },
  "minecraft:recipes/combat/netherite_sword_smithing": {
    "criteria": {
      "has_netherite_ingot": "2025-02-04 22:22:51 +0000"
    },
    "done": true
  },
  "minecraft:recipes/combat/netherite_leggings_smithing": {
    "criteria": {
      "has_netherite_ingot": "2025-02-04 22:22:51 +0000"
    },
    "done": true
  },
  "minecraft:recipes/tools/netherite_axe_smithing": {
    "criteria": {
      "has_netherite_ingot": "2025-02-04 22:22:51 +0000"
    },
    "done": true
  },
  "minecraft:recipes/tools/netherite_hoe_smithing": {
    "criteria": {
      "has_netherite_ingot": "2025-02-04 22:22:51 +0000"
    },
    "done": true
  },
  "minecraft:recipes/tools/netherite_pickaxe_smithing": {
    "criteria": {
      "has_netherite_ingot": "2025-02-04 22:22:51 +0000"
    },
    "done": true
  },
  "minecraft:recipes/decorations/lodestone": {
    "criteria": {
      "has_netherite_ingot": "2025-02-04 22:22:51 +0000"
    },
    "done": true
  },
  "minecraft:recipes/combat/netherite_helmet_smithing": {
    "criteria": {
      "has_netherite_ingot": "2025-02-04 22:22:51 +0000"
    },
    "done": true
  },
  "minecraft:nether/netherite_armor": {
    "criteria": {
      "netherite_armor": "2025-02-04 22:23:17 +0000"
    },
    "done": true
  },
  "minecraft:recipes/decorations/deepslate_brick_wall_from_deepslate_bricks_stonecutting": {
    "criteria": {
      "has_deepslate_bricks": "2025-02-04 22:54:12 +0000"
    },
    "done": true
  },
  "minecraft:recipes/building_blocks/deepslate_tile_stairs_from_deepslate_bricks_stonecutting": {
    "criteria": {
      "has_deepslate_bricks": "2025-02-04 22:54:12 +0000"
    },
    "done": true
  },
  "minecraft:recipes/decorations/deepslate_brick_wall": {
    "criteria": {
      "has_deepslate_bricks": "2025-02-04 22:54:12 +0000"
    },
    "done": true
  },
  "minecraft:recipes/building_blocks/deepslate_brick_stairs": {
    "criteria": {
      "has_deepslate_bricks": "2025-02-04 22:54:12 +0000"
    },
    "done": true
  },
  "minecraft:recipes/building_blocks/deepslate_tiles_from_deepslate_bricks_stonecutting": {
    "criteria": {
      "has_deepslate_bricks": "2025-02-04 22:54:12 +0000"
    },
    "done": true
  },
  "minecraft:recipes/building_blocks/deepslate_brick_slab": {
    "criteria": {
      "has_deepslate_bricks": "2025-02-04 22:54:12 +0000"
    },
    "done": true
  },
  "minecraft:recipes/decorations/deepslate_tile_wall_from_deepslate_bricks_stonecutting": {
    "criteria": {
      "has_deepslate_bricks": "2025-02-04 22:54:12 +0000"
    },
    "done": true
  },
  "minecraft:recipes/building_blocks/cracked_deepslate_bricks": {
    "criteria": {
      "has_deepslate_bricks": "2025-02-04 22:54:12 +0000"
    },
    "done": true
  },
  "minecraft:recipes/building_blocks/deepslate_tile_slab_from_deepslate_bricks_stonecutting": {
    "criteria": {
      "has_deepslate_bricks": "2025-02-04 22:54:12 +0000"
    },
    "done": true
  },
  "minecraft:recipes/building_blocks/deepslate_tiles": {
    "criteria": {
      "has_deepslate_bricks": "2025-02-04 22:54:12 +0000"
    },
    "done": true
  },
  "minecraft:recipes/building_blocks/deepslate_brick_stairs_from_deepslate_bricks_stonecutting": {
    "criteria": {
      "has_deepslate_bricks": "2025-02-04 22:54:12 +0000"
    },
    "done": true
  },
  "minecraft:recipes/building_blocks/deepslate_brick_slab_from_deepslate_bricks_stonecutting": {
    "criteria": {
      "has_deepslate_bricks": "2025-02-04 22:54:12 +0000"
    },
    "done": true
  },
  "minecraft:recipes/building_blocks/red_stained_glass": {
    "criteria": {
      "has_glass": "2025-02-05 00:08:22 +0000"
    },
    "done": true
  },
  "minecraft:recipes/building_blocks/light_blue_stained_glass": {
    "criteria": {
      "has_glass": "2025-02-05 00:08:22 +0000"
    },
    "done": true
  },
  "minecraft:recipes/brewing/glass_bottle": {
    "criteria": {
      "has_glass": "2025-02-05 00:08:22 +0000"
    },
    "done": true
  },
  "minecraft:recipes/building_blocks/green_stained_glass": {
    "criteria": {
      "has_glass": "2025-02-05 00:08:22 +0000"
    },
    "done": true
  },
  "minecraft:recipes/building_blocks/brown_stained_glass": {
    "criteria": {
      "has_glass": "2025-02-05 00:08:22 +0000"
    },
    "done": true
  },
  "minecraft:recipes/building_blocks/light_gray_stained_glass": {
    "criteria": {
      "has_glass": "2025-02-05 00:08:22 +0000"
    },
    "done": true
  },
  "minecraft:recipes/building_blocks/blue_stained_glass": {
    "criteria": {
      "has_glass": "2025-02-05 00:08:22 +0000"
    },
    "done": true
  },
  "minecraft:recipes/building_blocks/orange_stained_glass": {
    "criteria": {
      "has_glass": "2025-02-05 00:08:22 +0000"
    },
    "done": true
  },
  "minecraft:recipes/building_blocks/cyan_stained_glass": {
    "criteria": {
      "has_glass": "2025-02-05 00:08:22 +0000"
    },
    "done": true
  },
  "minecraft:recipes/building_blocks/pink_stained_glass": {
    "criteria": {
      "has_glass": "2025-02-05 00:08:22 +0000"
    },
    "done": true
  },
  "minecraft:recipes/building_blocks/black_stained_glass": {
    "criteria": {
      "has_glass": "2025-02-05 00:08:22 +0000"
    },
    "done": true
  },
  "minecraft:recipes/building_blocks/gray_stained_glass": {
    "criteria": {
      "has_glass": "2025-02-05 00:08:22 +0000"
    },
    "done": true
  },
  "minecraft:recipes/building_blocks/purple_stained_glass": {
    "criteria": {
      "has_glass": "2025-02-05 00:08:22 +0000"
    },
    "done": true
  },
  "minecraft:recipes/building_blocks/yellow_stained_glass": {
    "criteria": {
      "has_glass": "2025-02-05 00:08:22 +0000"
    },
    "done": true
  },
  "minecraft:recipes/building_blocks/lime_stained_glass": {
    "criteria": {
      "has_glass": "2025-02-05 00:08:22 +0000"
    },
    "done": true
  },
  "minecraft:recipes/decorations/glass_pane": {
    "criteria": {
      "has_glass": "2025-02-05 00:08:22 +0000"
    },
    "done": true
  },
  "minecraft:recipes/building_blocks/magenta_stained_glass": {
    "criteria": {
      "has_glass": "2025-02-05 00:08:22 +0000"
    },
    "done": true
  },
  "minecraft:recipes/building_blocks/white_stained_glass": {
    "criteria": {
      "has_glass": "2025-02-05 00:08:22 +0000"
    },
    "done": true
  },
  "minecraft:recipes/decorations/lime_stained_glass_pane_from_glass_pane": {
    "criteria": {
      "has_glass_pane": "2025-02-05 00:08:43 +0000"
    },
    "done": true
  },
  "minecraft:recipes/decorations/purple_stained_glass_pane_from_glass_pane": {
    "criteria": {
      "has_glass_pane": "2025-02-05 00:08:43 +0000"
    },
    "done": true
  },
  "minecraft:recipes/decorations/blue_stained_glass_pane_from_glass_pane": {
    "criteria": {
      "has_glass_pane": "2025-02-05 00:08:43 +0000"
    },
    "done": true
  },
  "minecraft:recipes/decorations/black_stained_glass_pane_from_glass_pane": {
    "criteria": {
      "has_glass_pane": "2025-02-05 00:08:43 +0000"
    },
    "done": true
  },
  "minecraft:recipes/decorations/light_gray_stained_glass_pane_from_glass_pane": {
    "criteria": {
      "has_glass_pane": "2025-02-05 00:08:43 +0000"
    },
    "done": true
  },
  "minecraft:recipes/decorations/yellow_stained_glass_pane_from_glass_pane": {
    "criteria": {
      "has_glass_pane": "2025-02-05 00:08:43 +0000"
    },
    "done": true
  },
  "minecraft:recipes/decorations/brown_stained_glass_pane_from_glass_pane": {
    "criteria": {
      "has_glass_pane": "2025-02-05 00:08:43 +0000"
    },
    "done": true
  },
  "minecraft:recipes/decorations/magenta_stained_glass_pane_from_glass_pane": {
    "criteria": {
      "has_glass_pane": "2025-02-05 00:08:43 +0000"
    },
    "done": true
  },
  "minecraft:recipes/decorations/cyan_stained_glass_pane_from_glass_pane": {
    "criteria": {
      "has_glass_pane": "2025-02-05 00:08:43 +0000"
    },
    "done": true
  },
  "minecraft:recipes/decorations/orange_stained_glass_pane_from_glass_pane": {
    "criteria": {
      "has_glass_pane": "2025-02-05 00:08:43 +0000"
    },
    "done": true
  },
  "minecraft:recipes/decorations/light_blue_stained_glass_pane_from_glass_pane": {
    "criteria": {
      "has_glass_pane": "2025-02-05 00:08:43 +0000"
    },
    "done": true
  },
  "minecraft:recipes/decorations/green_stained_glass_pane_from_glass_pane": {
    "criteria": {
      "has_glass_pane": "2025-02-05 00:08:43 +0000"
    },
    "done": true
  },
  "minecraft:recipes/decorations/pink_stained_glass_pane_from_glass_pane": {
    "criteria": {
      "has_glass_pane": "2025-02-05 00:08:43 +0000"
    },
    "done": true
  },
  "minecraft:recipes/decorations/white_stained_glass_pane_from_glass_pane": {
    "criteria": {
      "has_glass_pane": "2025-02-05 00:08:43 +0000"
    },
    "done": true
  },
  "minecraft:recipes/decorations/gray_stained_glass_pane_from_glass_pane": {
    "criteria": {
      "has_glass_pane": "2025-02-05 00:08:43 +0000"
    },
    "done": true
  },
  "minecraft:recipes/building_blocks/mossy_stone_bricks_from_vine": {
    "criteria": {
      "has_vine": "2025-02-05 00:32:03 +0000"
    },
    "done": true
  },
  "minecraft:recipes/building_blocks/mossy_cobblestone_from_vine": {
    "criteria": {
      "has_vine": "2025-02-05 00:32:03 +0000"
    },
    "done": true
  },
  "minecraft:recipes/building_blocks/birch_planks": {
    "criteria": {
      "has_logs": "2025-02-05 00:38:43 +0000"
    },
    "done": true
  },
  "minecraft:recipes/building_blocks/birch_wood": {
    "criteria": {
      "has_log": "2025-02-05 00:38:43 +0000"
    },
    "done": true
  },
  "minecraft:recipes/redstone/birch_button": {
    "criteria": {
      "has_planks": "2025-02-05 00:47:42 +0000"
    },
    "done": true
  },
  "minecraft:recipes/redstone/birch_door": {
    "criteria": {
      "has_planks": "2025-02-05 00:47:42 +0000"
    },
    "done": true
  },
  "minecraft:recipes/decorations/birch_fence": {
    "criteria": {
      "has_planks": "2025-02-05 00:47:42 +0000"
    },
    "done": true
  },
  "minecraft:recipes/redstone/birch_trapdoor": {
    "criteria": {
      "has_planks": "2025-02-05 00:47:42 +0000"
    },
    "done": true
  },
  "minecraft:recipes/decorations/birch_sign": {
    "criteria": {
      "has_planks": "2025-02-05 00:47:42 +0000"
    },
    "done": true
  },
  "minecraft:recipes/redstone/birch_fence_gate": {
    "criteria": {
      "has_planks": "2025-02-05 00:47:42 +0000"
    },
    "done": true
  },
  "minecraft:recipes/redstone/birch_pressure_plate": {
    "criteria": {
      "has_planks": "2025-02-05 00:47:42 +0000"
    },
    "done": true
  },
  "minecraft:recipes/building_blocks/birch_slab": {
    "criteria": {
      "has_planks": "2025-02-05 00:47:42 +0000"
    },
    "done": true
  },
  "minecraft:recipes/building_blocks/birch_stairs": {
    "criteria": {
      "has_planks": "2025-02-05 00:47:42 +0000"
    },
    "done": true
  },
  "minecraft:husbandry/obtain_netherite_hoe": {
    "criteria": {
      "netherite_hoe": "2025-02-05 03:43:13 +0000"
    },
    "done": true
  },
  "minecraft:adventure/throw_trident": {
    "criteria": {
      "shot_trident": "2025-02-05 04:00:18 +0000"
    },
    "done": true
  },
  "minecraft:adventure/voluntary_exile": {
    "criteria": {
      "voluntary_exile": "2025-02-05 04:06:19 +0000"
    },
    "done": true
  },
  "minecraft:recipes/building_blocks/glowstone": {
    "criteria": {
      "has_glowstone_dust": "2025-02-05 04:09:46 +0000"
    },
    "done": true
  },
  "minecraft:recipes/combat/spectral_arrow": {
    "criteria": {
      "has_glowstone_dust": "2025-02-05 04:09:46 +0000"
    },
    "done": true
  },
  "minecraft:adventure/totem_of_undying": {
    "criteria": {
      "used_totem": "2025-02-05 04:22:01 +0000"
    },
    "done": true
  },
  "minecraft:adventure/hero_of_the_village": {
    "criteria": {
      "hero_of_the_village": "2025-02-05 04:22:52 +0000"
    },
    "done": true
  },
  "minecraft:recipes/food/cooked_salmon_from_smoking": {
    "criteria": {
      "has_salmon": "2025-02-05 15:27:08 +0000"
    },
    "done": true
  },
  "minecraft:recipes/food/cooked_salmon_from_campfire_cooking": {
    "criteria": {
      "has_salmon": "2025-02-05 15:27:08 +0000"
    },
    "done": true
  },
  "minecraft:recipes/food/cooked_salmon": {
    "criteria": {
      "has_salmon": "2025-02-05 15:27:08 +0000"
    },
    "done": true
  },
  "minecraft:adventure/minecraft_trials_edition": {
    "criteria": {
      "minecraft_trials_edition": "2025-02-05 15:32:23 +0000"
    },
    "done": true
  },
  "minecraft:recipes/redstone/sticky_piston": {
    "criteria": {
      "has_slime_ball": "2025-02-05 15:32:37 +0000"
    },
    "done": true
  },
  "minecraft:recipes/redstone/slime_block": {
    "criteria": {
      "has_slime_ball": "2025-02-05 15:32:37 +0000"
    },
    "done": true
  },
  "minecraft:recipes/tools/lead": {
    "criteria": {
      "has_slime_ball": "2025-02-05 15:32:37 +0000"
    },
    "done": true
  },
  "minecraft:recipes/decorations/polished_tuff_wall": {
    "criteria": {
      "has_polished_tuff": "2025-02-05 15:35:51 +0000"
    },
    "done": true
  },
  "minecraft:recipes/decorations/tuff_brick_wall_from_polished_tuff_stonecutting": {
    "criteria": {
      "has_polished_tuff": "2025-02-05 15:35:51 +0000"
    },
    "done": true
  },
  "minecraft:recipes/building_blocks/tuff_brick_stairs_from_polished_tuff_stonecutting": {
    "criteria": {
      "has_polished_tuff": "2025-02-05 15:35:51 +0000"
    },
    "done": true
  },
  "minecraft:recipes/building_blocks/polished_tuff_slab_from_polished_tuff_stonecutting": {
    "criteria": {
      "has_polished_tuff": "2025-02-05 15:35:51 +0000"
    },
    "done": true
  },
  "minecraft:recipes/building_blocks/polished_tuff_stairs": {
    "criteria": {
      "has_polished_tuff": "2025-02-05 15:35:51 +0000"
    },
    "done": true
  },
  "minecraft:recipes/building_blocks/polished_tuff_stairs_from_polished_tuff_stonecutting": {
    "criteria": {
      "has_polished_tuff": "2025-02-05 15:35:51 +0000"
    },
    "done": true
  },
  "minecraft:recipes/building_blocks/polished_tuff_slab": {
    "criteria": {
      "has_polished_tuff": "2025-02-05 15:35:51 +0000"
    },
    "done": true
  },
  "minecraft:recipes/building_blocks/chiseled_tuff_bricks_from_polished_tuff_stonecutting": {
    "criteria": {
      "has_polished_tuff": "2025-02-05 15:35:51 +0000"
    },
    "done": true
  },
  "minecraft:recipes/building_blocks/tuff_bricks": {
    "criteria": {
      "has_polished_tuff": "2025-02-05 15:35:51 +0000"
    },
    "done": true
  },
  "minecraft:recipes/decorations/polished_tuff_wall_from_polished_tuff_stonecutting": {
    "criteria": {
      "has_polished_tuff": "2025-02-05 15:35:51 +0000"
    },
    "done": true
  },
  "minecraft:recipes/building_blocks/tuff_bricks_from_polished_tuff_stonecutting": {
    "criteria": {
      "has_polished_tuff": "2025-02-05 15:35:51 +0000"
    },
    "done": true
  },
  "minecraft:recipes/building_blocks/tuff_brick_slab_from_polished_tuff_stonecutting": {
    "criteria": {
      "has_polished_tuff": "2025-02-05 15:35:51 +0000"
    },
    "done": true
  },
  "minecraft:recipes/building_blocks/waxed_copper_grate": {
    "criteria": {
      "has_waxed_copper_block": "2025-02-05 15:36:21 +0000"
    },
    "done": true
  },
  "minecraft:recipes/building_blocks/waxed_cut_copper_from_waxed_copper_block_stonecutting": {
    "criteria": {
      "has_waxed_copper_block": "2025-02-05 15:36:21 +0000"
    },
    "done": true
  },
  "minecraft:recipes/building_blocks/waxed_chiseled_copper_from_waxed_copper_block_stonecutting": {
    "criteria": {
      "has_waxed_copper_block": "2025-02-05 15:36:21 +0000"
    },
    "done": true
  },
  "minecraft:recipes/redstone/waxed_copper_bulb": {
    "criteria": {
      "has_waxed_copper_block": "2025-02-05 15:36:21 +0000"
    },
    "done": true
  },
  "minecraft:recipes/building_blocks/waxed_cut_copper": {
    "criteria": {
      "has_waxed_copper_block": "2025-02-05 15:36:21 +0000"
    },
    "done": true
  },
  "minecraft:recipes/building_blocks/waxed_cut_copper_stairs_from_waxed_copper_block_stonecutting": {
    "criteria": {
      "has_waxed_copper_block": "2025-02-05 15:36:21 +0000"
    },
    "done": true
  },
  "minecraft:recipes/misc/copper_ingot_from_waxed_copper_block": {
    "criteria": {
      "has_waxed_copper_block": "2025-02-05 15:36:21 +0000"
    },
    "done": true
  },
  "minecraft:recipes/building_blocks/waxed_copper_grate_from_waxed_copper_block_stonecutting": {
    "criteria": {
      "has_waxed_copper_block": "2025-02-05 15:36:21 +0000"
    },
    "done": true
  },
  "minecraft:recipes/building_blocks/waxed_cut_copper_slab_from_waxed_copper_block_stonecutting": {
    "criteria": {
      "has_waxed_copper_block": "2025-02-05 15:36:21 +0000"
    },
    "done": true
  },
  "minecraft:recipes/building_blocks/waxed_oxidized_cut_copper_from_waxed_oxidized_copper_stonecutting": {
    "criteria": {
      "has_waxed_oxidized_copper": "2025-02-05 15:37:15 +0000"
    },
    "done": true
  },
  "minecraft:recipes/building_blocks/chiseled_tuff_bricks_from_tuff_bricks_stonecutting": {
    "criteria": {
      "has_tuff_bricks": "2025-02-05 15:37:15 +0000"
    },
    "done": true
  },
  "minecraft:recipes/building_blocks/waxed_oxidized_cut_copper_stairs_from_waxed_oxidized_copper_stonecutting": {
    "criteria": {
      "has_waxed_oxidized_copper": "2025-02-05 15:37:15 +0000"
    },
    "done": true
  },
  "minecraft:recipes/decorations/tuff_brick_wall_from_tuff_bricks_stonecutting": {
    "criteria": {
      "has_tuff_bricks": "2025-02-05 15:37:15 +0000"
    },
    "done": true
  },
  "minecraft:recipes/building_blocks/tuff_brick_stairs": {
    "criteria": {
      "has_tuff_bricks": "2025-02-05 15:37:15 +0000"
    },
    "done": true
  },
  "minecraft:recipes/building_blocks/tuff_brick_stairs_from_tuff_bricks_stonecutting": {
    "criteria": {
      "has_tuff_bricks": "2025-02-05 15:37:15 +0000"
    },
    "done": true
  },
  "minecraft:recipes/building_blocks/tuff_brick_slab_from_tuff_bricks_stonecutting": {
    "criteria": {
      "has_tuff_bricks": "2025-02-05 15:37:15 +0000"
    },
    "done": true
  },
  "minecraft:recipes/building_blocks/waxed_oxidized_copper_grate": {
    "criteria": {
      "has_waxed_oxidized_copper": "2025-02-05 15:37:15 +0000"
    },
    "done": true
  },
  "minecraft:recipes/building_blocks/waxed_oxidized_cut_copper": {
    "criteria": {
      "has_waxed_oxidized_copper": "2025-02-05 15:37:15 +0000"
    },
    "done": true
  },
  "minecraft:recipes/building_blocks/waxed_oxidized_cut_copper_slab_from_waxed_oxidized_copper_stonecutting": {
    "criteria": {
      "has_waxed_oxidized_copper": "2025-02-05 15:37:15 +0000"
    },
    "done": true
  },
  "minecraft:recipes/redstone/waxed_oxidized_copper_bulb": {
    "criteria": {
      "has_waxed_oxidized_copper": "2025-02-05 15:37:15 +0000"
    },
    "done": true
  },
  "minecraft:recipes/decorations/tuff_brick_wall": {
    "criteria": {
      "has_tuff_bricks": "2025-02-05 15:37:15 +0000"
    },
    "done": true
  },
  "minecraft:recipes/building_blocks/waxed_oxidized_chiseled_copper_from_waxed_oxidized_copper_stonecutting": {
    "criteria": {
      "has_waxed_oxidized_copper": "2025-02-05 15:37:15 +0000"
    },
    "done": true
  },
  "minecraft:recipes/building_blocks/tuff_brick_slab": {
    "criteria": {
      "has_tuff_bricks": "2025-02-05 15:37:15 +0000"
    },
    "done": true
  },
  "minecraft:recipes/building_blocks/waxed_oxidized_copper_grate_from_waxed_oxidized_copper_stonecutting": {
    "criteria": {
      "has_waxed_oxidized_copper": "2025-02-05 15:37:15 +0000"
    },
    "done": true
  },
  "minecraft:recipes/misc/wind_charge": {
    "criteria": {
      "has_breeze_rod": "2025-02-05 15:41:12 +0000"
    },
    "done": true
  },
  "minecraft:recipes/combat/mace": {
    "criteria": {
      "has_breeze_rod": "2025-02-05 15:41:12 +0000"
    },
    "done": true
  },
  "minecraft:adventure/under_lock_and_key": {
    "criteria": {
      "under_lock_and_key": "2025-02-05 15:50:40 +0000"
    },
    "done": true
  },
  "minecraft:recipes/misc/sugar_from_honey_bottle": {
    "criteria": {
      "has_honey_bottle": "2025-02-05 15:50:41 +0000"
    },
    "done": true
  },
  "minecraft:recipes/redstone/honey_block": {
    "criteria": {
      "has_honey_bottle": "2025-02-05 15:50:41 +0000"
    },
    "done": true
  },
  "minecraft:adventure/revaulting": {
    "criteria": {
      "revaulting": "2025-02-05 15:52:42 +0000"
    },
    "done": true
  },
  "minecraft:recipes/misc/flow_armor_trim_smithing_template": {
    "criteria": {
      "has_flow_armor_trim_smithing_template": "2025-02-05 15:52:44 +0000"
    },
    "done": true
  },
  "minecraft:recipes/misc/flow_armor_trim_smithing_template_smithing_trim": {
    "criteria": {
      "has_smithing_trim_template": "2025-02-05 15:52:44 +0000"
    },
    "done": true
  },
  "minecraft:recipes/misc/bolt_armor_trim_smithing_template_smithing_trim": {
    "criteria": {
      "has_smithing_trim_template": "2025-02-05 16:10:50 +0000"
    },
    "done": true
  },
  "minecraft:recipes/misc/bolt_armor_trim_smithing_template": {
    "criteria": {
      "has_bolt_armor_trim_smithing_template": "2025-02-05 16:10:50 +0000"
    },
    "done": true
  },
  "minecraft:recipes/building_blocks/waxed_oxidized_copper_trapdoor_from_honeycomb": {
    "criteria": {
      "has_oxidized_copper_trapdoor": "2025-02-05 16:30:44 +0000"
    },
    "done": true
  },
  "minecraft:recipes/misc/diamond": {
    "criteria": {
      "has_diamond_block": "2025-02-05 16:32:15 +0000"
    },
    "done": true
  },
  "minecraft:recipes/misc/iron_ingot_from_iron_block": {
    "criteria": {
      "has_iron_block": "2025-02-05 16:32:15 +0000"
    },
    "done": true
  },
  "minecraft:recipes/decorations/anvil": {
    "criteria": {
      "has_iron_block": "2025-02-05 16:32:15 +0000"
    },
    "done": true
  },
  "minecraft:recipes/building_blocks/blue_ice": {
    "criteria": {
      "has_packed_ice": "2025-02-05 16:54:50 +0000"
    },
    "done": true
  },
  "minecraft:adventure/who_needs_rockets": {
    "criteria": {
      "who_needs_rockets": "2025-02-05 17:26:29 +0000"
    },
    "done": true
  },
  "minecraft:recipes/redstone/redstone": {
    "criteria": {
      "has_redstone_block": "2025-02-05 17:27:51 +0000"
    },
    "done": true
  },
  "minecraft:recipes/redstone/observer": {
    "criteria": {
      "has_quartz": "2025-02-05 22:39:46 +0000"
    },
    "done": true
  },
  "minecraft:recipes/building_blocks/magma_block": {
    "criteria": {
      "has_magma_cream": "2025-02-05 22:54:27 +0000"
    },
    "done": true
  },
  "minecraft:nether/distract_piglin": {
    "criteria": {
      "distract_piglin": "2025-02-05 22:58:22 +0000"
    },
    "done": true
  },
  "minecraft:recipes/redstone/comparator": {
    "criteria": {
      "has_quartz": "2025-02-05 22:39:46 +0000"
    },
    "done": true
  },
  "minecraft:recipes/decorations/stone_brick_wall": {
    "criteria": {
      "has_stone_bricks": "2025-02-05 23:23:34 +0000"
    },
    "done": true
  },
  "minecraft:recipes/brewing/magma_cream": {
    "criteria": {
      "has_blaze_powder": "2025-02-05 22:25:31 +0000"
    },
    "done": true
  },
  "minecraft:recipes/building_blocks/stone_brick_slab_from_stone_bricks_stonecutting": {
    "criteria": {
      "has_stone_bricks": "2025-02-05 23:23:34 +0000"
    },
    "done": true
  },
  "minecraft:recipes/building_blocks/cracked_stone_bricks": {
    "criteria": {
      "has_stone_bricks": "2025-02-05 23:23:34 +0000"
    },
    "done": true
  },
  "minecraft:recipes/building_blocks/stone_brick_stairs_from_stone_bricks_stonecutting": {
    "criteria": {
      "has_stone_bricks": "2025-02-05 23:23:34 +0000"
    },
    "done": true
  },
  "minecraft:recipes/building_blocks/mossy_stone_brick_stairs": {
    "criteria": {
      "has_mossy_stone_bricks": "2025-02-05 23:23:35 +0000"
    },
    "done": true
  },
  "minecraft:recipes/building_blocks/stone_brick_slab": {
    "criteria": {
      "has_stone_bricks": "2025-02-05 23:23:34 +0000"
    },
    "done": true
  },
  "minecraft:recipes/decorations/end_crystal": {
    "criteria": {
      "has_ender_eye": "2025-02-05 22:17:06 +0000"
    },
    "done": true
  },
  "minecraft:recipes/building_blocks/stone_brick_stairs": {
    "criteria": {
      "has_stone_bricks": "2025-02-05 23:23:34 +0000"
    },
    "done": true
  },
  "minecraft:recipes/building_blocks/chiseled_stone_bricks_from_stone_bricks_stonecutting": {
    "criteria": {
      "has_stone_bricks": "2025-02-05 23:23:34 +0000"
    },
    "done": true
  },
  "minecraft:end/respawn_dragon": {
    "criteria": {
      "summoned_dragon": "2025-02-05 23:26:18 +0000"
    },
    "done": true
  },
  "minecraft:recipes/building_blocks/chiseled_stone_bricks": {
    "criteria": {
      "has_tag": "2025-02-05 23:23:34 +0000"
    },
    "done": true
  },
  "minecraft:recipes/decorations/mossy_stone_brick_wall": {
    "criteria": {
      "has_mossy_stone_bricks": "2025-02-05 23:23:35 +0000"
    },
    "done": true
  },
  "minecraft:recipes/misc/ender_eye": {
    "criteria": {
      "has_blaze_powder": "2025-02-05 22:25:31 +0000"
    },
    "done": true
  },
  "minecraft:story/follow_ender_eye": {
    "criteria": {
      "in_stronghold": "2025-02-05 23:23:35 +0000"
    },
    "done": true
  },
  "minecraft:end/root": {
    "criteria": {
      "entered_end": "2025-02-05 23:25:05 +0000"
    },
    "done": true
  },
  "minecraft:recipes/misc/black_dye_from_wither_rose": {
    "criteria": {
      "has_wither_rose": "2025-02-05 21:46:06 +0000"
    },
    "done": true
  },
  "minecraft:recipes/building_blocks/mossy_stone_brick_slab": {
    "criteria": {
      "has_mossy_stone_bricks": "2025-02-05 23:23:35 +0000"
    },
    "done": true
  },
  "minecraft:recipes/misc/fire_charge": {
    "criteria": {
      "has_blaze_powder": "2025-02-05 22:25:31 +0000"
    },
    "done": true
  },
  "minecraft:recipes/building_blocks/diorite": {
    "criteria": {
      "has_quartz": "2025-02-05 22:39:46 +0000"
    },
    "done": true
  },
  "minecraft:recipes/building_blocks/mossy_stone_brick_stairs_from_mossy_stone_brick_stonecutting": {
    "criteria": {
      "has_mossy_stone_bricks": "2025-02-05 23:23:35 +0000"
    },
    "done": true
  },
  "minecraft:recipes/building_blocks/granite": {
    "criteria": {
      "has_quartz": "2025-02-05 22:39:46 +0000"
    },
    "done": true
  },
  "minecraft:recipes/food/dried_kelp": {
    "criteria": {
      "has_dried_kelp_block": "2025-02-05 21:46:30 +0000"
    },
    "done": true
  },
  "minecraft:recipes/decorations/ender_chest": {
    "criteria": {
      "has_ender_eye": "2025-02-05 22:17:06 +0000"
    },
    "done": true
  },
  "minecraft:recipes/decorations/mossy_stone_brick_wall_from_mossy_stone_brick_stonecutting": {
    "criteria": {
      "has_mossy_stone_bricks": "2025-02-05 23:23:35 +0000"
    },
    "done": true
  },
  "minecraft:recipes/decorations/stone_brick_wall_from_stone_bricks_stonecutting": {
    "criteria": {
      "has_stone_bricks": "2025-02-05 23:23:34 +0000"
    },
    "done": true
  },
  "minecraft:recipes/building_blocks/quartz_block": {
    "criteria": {
      "has_quartz": "2025-02-05 22:39:46 +0000"
    },
    "done": true
  },
  "minecraft:recipes/building_blocks/mossy_stone_brick_slab_from_mossy_stone_brick_stonecutting": {
    "criteria": {
      "has_mossy_stone_bricks": "2025-02-05 23:23:35 +0000"
    },
    "done": true
  },
  "minecraft:recipes/redstone/daylight_detector": {
    "criteria": {
      "has_quartz": "2025-02-05 22:39:46 +0000"
    },
    "done": true
  },
  "minecraft:story/enter_the_end": {
    "criteria": {
      "entered_end": "2025-02-05 23:25:05 +0000"
    },
    "done": true
  },
  "DataVersion": 3953
}